,Word
0,a
1,able
2,about
3,aboard
4,above
5,absent
6,accept
7,accident
8,account
9,ache
10,aching
11,acorn
12,acre
13,across
14,act
15,acts
16,add
17,address
18,admire
19,adventure
20,afar
21,afraid
22,after
23,afternoon
24,afterward
25,afterwards
26,again
27,against
28,age
29,aged
30,ago
31,agree
32,ah
33,ahead
34,aid
35,aim
36,air
37,airfield
38,airplane
39,airport
40,airship
41,airy
42,alarm
43,alike
44,alive
45,all
46,alley
47,alligator
48,allow
49,almost
50,alone
51,along
52,aloud
53,already
54,also
55,always
56,am
57,America
58,American
59,among
60,amount
61,an
62,and
63,angel
64,anger
65,angry
66,animal
67,another
68,answer
69,ant
70,any
71,anybody
72,anyhow
73,anyone
74,anything
75,anyway
76,anywhere
77,apart
78,apartment
79,ape
80,apiece
81,appear
82,apple
83,April
84,apron
85,are
86,aren't
87,arise
88,arithmetic
89,arm
90,armful
91,army
92,arose
93,around
94,arrange
95,arrive
96,arrived
97,arrow
98,art
99,artist
100,as
101,ash
102,ashes
103,aside
104,ask
105,asleep
106,at
107,ate
108,attack
109,attend
110,attention
111,August
112,aunt
113,author
114,auto
115,automobile
116,autumn
117,avenue
118,awake
119,awaken
120,away
121,awful
122,awfully
123,awhile
124,ax
125,axe
126,baa
127,babe
128,babies
129,back
130,background
131,backward
132,backwards
133,bacon
134,bad
135,badge
136,badly
137,bag
138,bake
139,baker
140,bakery
141,baking
142,ball
143,balloon
144,banana
145,band
146,bandage
147,bang
148,banjo
149,bank
150,banker
151,bar
152,barber
153,bare
154,barefoot
155,barely
156,bark
157,barn
158,barrel
159,base
160,baseball
161,basement
162,basket
163,bat
164,batch
165,bath
166,bathe
167,bathing
168,bathroom
169,bathtub
170,battle
171,battleship
172,bay
173,be
174,beach
175,bead
176,beam
177,bean
178,bear
179,beard
180,beast
181,beat
182,beating
183,beautiful
184,beautify
185,beauty
186,became
187,because
188,become
189,becoming
190,bed
191,bedbug
192,bedroom
193,bedspread
194,bedtime
195,bee
196,beech
197,beef
198,beefsteak
199,beehive
200,been
201,beer
202,beet
203,before
204,beg
205,began
206,beggar
207,begged
208,begin
209,beginning
210,begun
211,behave
212,behind
213,being
214,believe
215,bell
216,belong
217,below
218,belt
219,bench
220,bend
221,beneath
222,bent
223,berries
224,berry
225,beside
226,besides
227,best
228,bet
229,better
230,between
231,bib
232,bible
233,bicycle
234,bid
235,big
236,bigger
237,bill
238,billboard
239,bin
240,bind
241,bird
242,birth
243,birthday
244,biscuit
245,bit
246,bite
247,biting
248,bitter
249,black
250,blackberry
251,blackbird
252,blackboard
253,blackness
254,blacksmith
255,blame
256,blank
257,blanket
258,blast
259,blaze
260,bleed
261,bless
262,blessing
263,blew
264,blind
265,blindfold
266,blinds
267,block
268,blood
269,bloom
270,blossom
271,blot
272,blow
273,blue
274,blueberry
275,bluebird
276,blush
277,board
278,boast
279,boat
280,bob
281,bobwhite
282,bodies
283,body
284,boil
285,boiler
286,bold
287,bone
288,bonnet
289,boo
290,book
291,bookcase
292,bookkeeper
293,boom
294,boot
295,born
296,borrow
297,boss
298,both
299,bother
300,bottle
301,bottom
302,bought
303,bounce
304,bow
305,bowl
306,bow-wow
307,box
308,boxcar
309,boxer
310,boxes
311,boy
312,boyhood
313,bracelet
314,brain
315,brake
316,bran
317,branch
318,brass
319,brave
320,bread
321,break
322,breakfast
323,breast
324,breath
325,breathe
326,breeze
327,brick
328,bride
329,bridge
330,bright
331,brightness
332,bring
333,broad
334,broadcast
335,broke
336,broken
337,brook
338,broom
339,brother
340,brought
341,brown
342,brush
343,bubble
344,bucket
345,buckle
346,bud
347,buffalo
348,bug
349,buggy
350,build
351,building
352,built
353,bulb
354,bull
355,bullet
356,bum
357,bumblebee
358,bump
359,bun
360,bunch
361,bundle
362,bunny
363,burn
364,burst
365,bury
366,bus
367,bush
368,bushel
369,business
370,busy
371,but
372,butcher
373,butt
374,butter
375,buttercup
376,butterfly
377,buttermilk
378,butterscotch
379,button
380,buttonhole
381,buy
382,buzz
383,by
384,bye
385,cab
386,cabbage
387,cabin
388,cabinet
389,cackle
390,cage
391,cake
392,calendar
393,calf
394,call
395,caller
396,calling
397,came
398,camel
399,camp
400,campfire
401,can
402,canal
403,canary
404,candle
405,candlestick
406,candy
407,cane
408,cannon
409,cannot
410,canoe
411,can't
412,canyon
413,cap
414,cape
415,capital
416,captain
417,car
418,card
419,cardboard
420,care
421,careful
422,careless
423,carelessness
424,carload
425,carpenter
426,carpet
427,carriage
428,carrot
429,carry
430,cart
431,carve
432,case
433,cash
434,cashier
435,castle
436,cat
437,catbird
438,catch
439,catcher
440,caterpillar
441,catfish
442,catsup
443,cattle
444,caught
445,cause
446,cave
447,ceiling
448,cell
449,cellar
450,cent
451,center
452,cereal
453,certain
454,certainly
455,chain
456,chair
457,chalk
458,champion
459,chance
460,change
461,chap
462,charge
463,charm
464,chart
465,chase
466,chatter
467,cheap
468,cheat
469,check
470,checkers
471,cheek
472,cheer
473,cheese
474,cherry
475,chest
476,chew
477,chick
478,chicken
479,chief
480,child
481,childhood
482,children
483,chill
484,chilly
485,chimney
486,chin
487,china
488,chip
489,chipmunk
490,chocolate
491,choice
492,choose
493,chop
494,chorus
495,chose
496,chosen
497,christen
498,Christmas
499,church
500,churn
501,cigarette
502,circle
503,circus
504,citizen
505,city
506,clang
507,clap
508,class
509,classmate
510,classroom
511,claw
512,clay
513,clean
514,cleaner
515,clear
516,clerk
517,clever
518,click
519,cliff
520,climb
521,clip
522,cloak
523,clock
524,close
525,closet
526,cloth
527,clothes
528,clothing
529,cloud
530,cloudy
531,clover
532,clown
533,club
534,cluck
535,clump
536,coach
537,coal
538,coast
539,coat
540,cob
541,cobbler
542,cocoa
543,coconut
544,cocoon
545,cod
546,codfish
547,coffee
548,coffeepot
549,coin
550,cold
551,collar
552,college
553,color
554,colored
555,colt
556,column
557,comb
558,come
559,comfort
560,comic
561,coming
562,company
563,compare
564,conductor
565,cone
566,connect
567,coo
568,cook
569,cooked
570,cooking
571,cookie
572,cookies
573,cool
574,cooler
575,coop
576,copper
577,copy
578,cord
579,cork
580,corn
581,corner
582,correct
583,cost
584,cot
585,cottage
586,cotton
587,couch
588,cough
589,could
590,couldn't
591,count
592,counter
593,country
594,county
595,course
596,court
597,cousin
598,cover
599,cow
600,coward
601,cowardly
602,cowboy
603,cozy
604,crab
605,crack
606,cracker
607,cradle
608,cramps
609,cranberry
610,crank
611,cranky
612,crash
613,crawl
614,crazy
615,cream
616,creamy
617,creek
618,creep
619,crept
620,cried
621,croak
622,crook
623,crooked
624,crop
625,cross
626,crossing
627,cross-eyed
628,crow
629,crowd
630,crowded
631,crown
632,cruel
633,crumb
634,crumble
635,crush
636,crust
637,cry
638,cries
639,cub
640,cuff
641,cup
642,cuff
643,cup
644,cupboard
645,cupful
646,cure
647,curl
648,curly
649,curtain
650,curve
651,cushion
652,custard
653,customer
654,cut
655,cute
656,cutting
657,dab
658,dad
659,daddy
660,daily
661,dairy
662,daisy
663,dam
664,damage
665,dame
666,damp
667,dance
668,dancer
669,dancing
670,dandy
671,danger
672,dangerous
673,dare
674,dark
675,darkness
676,darling
677,darn
678,dart
679,dash
680,date
681,daughter
682,dawn
683,day
684,daybreak
685,daytime
686,dead
687,deaf
688,deal
689,dear
690,death
691,December
692,decide
693,deck
694,deed
695,deep
696,deer
697,defeat
698,defend
699,defense
700,delight
701,den
702,dentist
703,depend
704,deposit
705,describe
706,desert
707,deserve
708,desire
709,desk
710,destroy
711,devil
712,dew
713,diamond
714,did
715,didn't
716,die
717,died
718,dies
719,difference
720,different
721,dig
722,dim
723,dime
724,dine
725,ding-dong
726,dinner
727,dip
728,direct
729,direction
730,dirt
731,dirty
732,discover
733,dish
734,dislike
735,dismiss
736,ditch
737,dive
738,diver
739,divide
740,do
741,dock
742,doctor
743,does
744,doesn't
745,dog
746,doll
747,dollar
748,dolly
749,done
750,donkey
751,don't
752,door
753,doorbell
754,doorknob
755,doorstep
756,dope
757,dot
758,double
759,dough
760,dove
761,down
762,downstairs
763,downtown
764,dozen
765,drag
766,drain
767,drank
768,draw
769,drawer
770,draw
771,drawing
772,dream
773,dress
774,dresser
775,dressmaker
776,drew
777,dried
778,drift
779,drill
780,drink
781,drip
782,drive
783,driven
784,driver
785,drop
786,drove
787,drown
788,drowsy
789,drub
790,drum
791,drunk
792,dry
793,duck
794,due
795,dug
796,dull
797,dumb
798,dump
799,during
800,dust
801,dusty
802,duty
803,dwarf
804,dwell
805,dwelt
806,dying
807,each
808,eager
809,eagle
810,ear
811,early
812,earn
813,earth
814,east
815,eastern
816,easy
817,eat
818,eaten
819,edge
820,egg
821,eh
822,eight
823,eighteen
824,eighth
825,eighty
826,either
827,elbow
828,elder
829,eldest
830,electric
831,electricity
832,elephant
833,eleven
834,elf
835,elm
836,else
837,elsewhere
838,empty
839,end
840,ending
841,enemy
842,engine
843,engineer
844,English
845,enjoy
846,enough
847,enter
848,envelope
849,equal
850,erase
851,eraser
852,errand
853,escape
854,eve
855,even
856,evening
857,ever
858,every
859,everybody
860,everyday
861,everyone
862,everything
863,everywhere
864,evil
865,exact
866,except
867,exchange
868,excited
869,exciting
870,excuse
871,exit
872,expect
873,explain
874,extra
875,eye
876,eyebrow
877,fable
878,face
879,facing
880,fact
881,factory
882,fail
883,faint
884,fair
885,fairy
886,faith
887,fake
888,fall
889,false
890,family
891,fan
892,fancy
893,far
894,faraway
895,fare
896,farmer
897,farm
898,farming
899,far-off
900,farther
901,fashion
902,fast
903,fasten
904,fat
905,father
906,fault
907,favor
908,favorite
909,fear
910,feast
911,feather
912,February
913,fed
914,feed
915,feel
916,feet
917,fell
918,fellow
919,felt
920,fence
921,fever
922,few
923,fib
924,fiddle
925,field
926,fife
927,fifteen
928,fifth
929,fifty
930,fig
931,fight
932,figure
933,file
934,fill
935,film
936,finally
937,find
938,fine
939,finger
940,finish
941,fire
942,firearm
943,firecracker
944,fireplace
945,fireworks
946,firing
947,first
948,fish
949,fisherman
950,fist
951,fit
952,fits
953,five
954,fix
955,flag
956,flake
957,flame
958,flap
959,flash
960,flashlight
961,flat
962,flea
963,flesh
964,flew
965,flies
966,flight
967,flip
968,flip-flop
969,float
970,flock
971,flood
972,floor
973,flop
974,flour
975,flow
976,flower
977,flowery
978,flutter
979,fly
980,foam
981,fog
982,foggy
983,fold
984,folks
985,follow
986,following
987,fond
988,food
989,fool
990,foolish
991,foot
992,football
993,footprint
994,for
995,forehead
996,forest
997,forget
998,forgive
999,forgot
1000,forgotten
1001,fork
1002,form
1003,fort
1004,forth
1005,fortune
1006,forty
1007,forward
1008,fought
1009,found
1010,fountain
1011,four
1012,fourteen
1013,fourth
1014,fox
1015,frame
1016,free
1017,freedom
1018,freeze
1019,freight
1020,French
1021,fresh
1022,fret
1023,Friday
1024,fried
1025,friend
1026,friendly
1027,friendship
1028,frighten
1029,frog
1030,from
1031,front
1032,frost
1033,frown
1034,froze
1035,fruit
1036,fry
1037,fudge
1038,fuel
1039,full
1040,fully
1041,fun
1042,funny
1043,fur
1044,furniture
1045,further
1046,fuzzy
1047,gain
1048,gallon
1049,gallop
1050,game
1051,gang
1052,garage
1053,garbage
1054,garden
1055,gas
1056,gasoline
1057,gate
1058,gather
1059,gave
1060,gay
1061,gear
1062,geese
1063,general
1064,gentle
1065,gentleman
1066,gentlemen
1067,geography
1068,get
1069,getting
1070,giant
1071,gift
1072,gingerbread
1073,girl
1074,give
1075,given
1076,giving
1077,glad
1078,gladly
1079,glance
1080,glass
1081,glasses
1082,gleam
1083,glide
1084,glory
1085,glove
1086,glow
1087,glue
1088,go
1089,going
1090,goes
1091,goal
1092,goat
1093,gobble
1094,God
1095,god
1096,godmother
1097,gold
1098,golden
1099,goldfish
1100,golf
1101,gone
1102,good
1103,goods
1104,goodbye
1105,good-by
1106,goodbye
1107,good-bye
1108,good-looking
1109,goodness
1110,goody
1111,goose
1112,gooseberry
1113,got
1114,govern
1115,government
1116,gown
1117,grab
1118,gracious
1119,grade
1120,grain
1121,grand
1122,grandchild
1123,grandchildren
1124,granddaughter
1125,grandfather
1126,grandma
1127,grandmother
1128,grandpa
1129,grandson
1130,grandstand
1131,grape
1132,grapes
1133,grapefruit
1134,grass
1135,grasshopper
1136,grateful
1137,grave
1138,gravel
1139,graveyard
1140,gravy
1141,gray
1142,graze
1143,grease
1144,great
1145,green
1146,greet
1147,grew
1148,grind
1149,groan
1150,grocery
1151,ground
1152,group
1153,grove
1154,grow
1155,guard
1156,guess
1157,guest
1158,guide
1159,gulf
1160,gum
1161,gun
1162,gunpowder
1163,guy
1164,ha
1165,habit
1166,had
1167,hadn't
1168,hail
1169,hair
1170,haircut
1171,hairpin
1172,half
1173,hall
1174,halt
1175,ham
1176,hammer
1177,hand
1178,handful
1179,handkerchief
1180,handle
1181,handwriting
1182,hang
1183,happen
1184,happily
1185,happiness
1186,happy
1187,harbor
1188,hard
1189,hardly
1190,hardship
1191,hardware
1192,hare
1193,hark
1194,harm
1195,harness
1196,harp
1197,harvest
1198,has
1199,hasn't
1200,haste
1201,hasten
1202,hasty
1203,hat
1204,hatch
1205,hatchet
1206,hate
1207,haul
1208,have
1209,haven't
1210,having
1211,hawk
1212,hay
1213,hayfield
1214,haystack
1215,he
1216,head
1217,headache
1218,heal
1219,health
1220,healthy
1221,heap
1222,hear
1223,hearing
1224,heard
1225,heart
1226,heat
1227,heater
1228,heaven
1229,heavy
1230,he'd
1231,heel
1232,height
1233,held
1234,hell
1235,he'll
1236,hello
1237,helmet
1238,help
1239,helper
1240,helpful
1241,hem
1242,hen
1243,henhouse
1244,her
1245,hers
1246,herd
1247,here
1248,here's
1249,hero
1250,herself
1251,he's
1252,hey
1253,hickory
1254,hid
1255,hidden
1256,hide
1257,high
1258,highway
1259,hill
1260,hillside
1261,hilltop
1262,hilly
1263,him
1264,himself
1265,hind
1266,hint
1267,hip
1268,hire
1269,his
1270,hiss
1271,history
1272,hit
1273,hitch
1274,hive
1275,ho
1276,hoe
1277,hog
1278,hold
1279,holder
1280,hole
1281,holiday
1282,hollow
1283,holy
1284,home
1285,homely
1286,homesick
1287,honest
1288,honey
1289,honeybee
1290,honeymoon
1291,honk
1292,honor
1293,hood
1294,hoof
1295,hook
1296,hoop
1297,hop
1298,hope
1299,hopeful
1300,hopeless
1301,horn
1302,horse
1303,horseback
1304,horseshoe
1305,hose
1306,hospital
1307,host
1308,hot
1309,hotel
1310,hound
1311,hour
1312,house
1313,housetop
1314,housewife
1315,housework
1316,how
1317,however
1318,howl
1319,hug
1320,huge
1321,hum
1322,humble
1323,hump
1324,hundred
1325,hung
1326,hunger
1327,hungry
1328,hunk
1329,hunt
1330,hunter
1331,hurrah
1332,hurried
1333,hurry
1334,hurt
1335,husband
1336,hush
1337,hut
1338,hymn
1339,I
1340,ice
1341,icy
1342,I'd
1343,idea
1344,ideal
1345,if
1346,ill
1347,I'll
1348,I'm
1349,important
1350,impossible
1351,improve
1352,in
1353,inch
1354,inches
1355,income
1356,indeed
1357,Indian
1358,indoors
1359,ink
1360,inn
1361,insect
1362,inside
1363,instant
1364,instead
1365,insult
1366,intend
1367,interested
1368,interesting
1369,into
1370,invite
1371,iron
1372,is
1373,island
1374,isn't
1375,it
1376,its
1377,it's
1378,itself
1379,I've
1380,ivory
1381,ivy
1382,jacket
1383,jacks
1384,jail
1385,jam
1386,January
1387,jar
1388,jaw
1389,jay
1390,jelly
1391,jellyfish
1392,jerk
1393,jig
1394,job
1395,jockey
1396,join
1397,joke
1398,joking
1399,jolly
1400,journey
1401,joy
1402,joyful
1403,joyous
1404,judge
1405,jug
1406,juice
1407,juicy
1408,July
1409,jump
1410,June
1411,junior
1412,junk
1413,just
1414,keen
1415,keep
1416,kept
1417,kettle
1418,key
1419,kick
1420,kid
1421,kill
1422,killed
1423,kind
1424,kindly
1425,kindness
1426,king
1427,kingdom
1428,kiss
1429,kitchen
1430,kite
1431,kitten
1432,kitty
1433,knee
1434,kneel
1435,knew
1436,knife
1437,knit
1438,knives
1439,knob
1440,knock
1441,knot
1442,know
1443,known
1444,lace
1445,lad
1446,ladder
1447,ladies
1448,lady
1449,laid
1450,lake
1451,lamb
1452,lame
1453,lamp
1454,land
1455,lane
1456,language
1457,lantern
1458,lap
1459,lard
1460,large
1461,lash
1462,lass
1463,last
1464,late
1465,laugh
1466,laundry
1467,law
1468,lawn
1469,lawyer
1470,lay
1471,lazy
1472,lead
1473,leader
1474,leaf
1475,leak
1476,lean
1477,leap
1478,learn
1479,learned
1480,least
1481,leather
1482,leave
1483,leaving
1484,led
1485,left
1486,leg
1487,lemon
1488,lemonade
1489,lend
1490,length
1491,less
1492,lesson
1493,let
1494,let's
1495,letter
1496,letting
1497,lettuce
1498,level
1499,liberty
1500,library
1501,lice
1502,lick
1503,lid
1504,lie
1505,life
1506,lift
1507,light
1508,lightness
1509,lightning
1510,like
1511,likely
1512,liking
1513,lily
1514,limb
1515,lime
1516,limp
1517,line
1518,linen
1519,lion
1520,lip
1521,list
1522,listen
1523,lit
1524,little
1525,live
1526,lives
1527,lively
1528,liver
1529,living
1530,lizard
1531,load
1532,loaf
1533,loan
1534,loaves
1535,lock
1536,locomotive
1537,log
1538,lone
1539,lonely
1540,lonesome
1541,long
1542,look
1543,lookout
1544,loop
1545,loose
1546,lord
1547,lose
1548,loser
1549,loss
1550,lost
1551,lot
1552,loud
1553,love
1554,lovely
1555,lover
1556,low
1557,luck
1558,lucky
1559,lumber
1560,lump
1561,lunch
1562,lying
1563,ma
1564,machine
1565,machinery
1566,mad
1567,made
1568,magazine
1569,magic
1570,maid
1571,mail
1572,mailbox
1573,mailman
1574,major
1575,make
1576,making
1577,male
1578,mama
1579,mamma
1580,man
1581,manager
1582,mane
1583,manger
1584,many
1585,map
1586,maple
1587,marble
1588,march
1589,March
1590,mare
1591,mark
1592,market
1593,marriage
1594,married
1595,marry
1596,mask
1597,mast
1598,master
1599,mat
1600,match
1601,matter
1602,mattress
1603,may
1604,May
1605,maybe
1606,mayor
1607,maypole
1608,me
1609,meadow
1610,meal
1611,mean
1612,means
1613,meant
1614,measure
1615,meat
1616,medicine
1617,meet
1618,meeting
1619,melt
1620,member
1621,men
1622,mend
1623,meow
1624,merry
1625,mess
1626,message
1627,met
1628,metal
1629,mew
1630,mice
1631,middle
1632,midnight
1633,might
1634,mighty
1635,mile
1636,milk
1637,milkman
1638,mill
1639,miler
1640,million
1641,mind
1642,mine
1643,miner
1644,mint
1645,minute
1646,mirror
1647,mischief
1648,miss
1649,Miss
1650,misspell
1651,mistake
1652,misty
1653,mitt
1654,mitten
1655,mix
1656,moment
1657,Monday
1658,money
1659,monkey
1660,month
1661,moo
1662,moon
1663,moonlight
1664,moose
1665,mop
1666,more
1667,morning
1668,morrow
1669,moss
1670,most
1671,mostly
1672,mother
1673,motor
1674,mount
1675,mountain
1676,mouse
1677,mouth
1678,move
1679,movie
1680,movies
1681,moving
1682,mow
1683,Mr.
1684,Mrs.
1685,much
1686,mud
1687,muddy
1688,mug
1689,mule
1690,multiply
1691,murder
1692,music
1693,must
1694,my
1695,myself
1696,nail
1697,name
1698,nap
1699,napkin
1700,narrow
1701,nasty
1702,naughty
1703,navy
1704,near
1705,nearby
1706,nearly
1707,neat
1708,neck
1709,necktie
1710,need
1711,needle
1712,needn't
1713,Negro
1714,neighbor
1715,neighborhood
1716,neither
1717,nerve
1718,nest
1719,net
1720,never
1721,nevermore
1722,new
1723,news
1724,newspaper
1725,next
1726,nibble
1727,nice
1728,nickel
1729,night
1730,nightgown
1731,nine
1732,nineteen
1733,ninety
1734,no
1735,nobody
1736,nod
1737,noise
1738,noisy
1739,none
1740,noon
1741,nor
1742,north
1743,northern
1744,nose
1745,not
1746,note
1747,nothing
1748,notice
1749,November
1750,now
1751,nowhere
1752,number
1753,nurse
1754,nut
1755,oak
1756,oar
1757,oatmeal
1758,oats
1759,obey
1760,ocean
1761,o'clock
1762,October
1763,odd
1764,of
1765,off
1766,offer
1767,office
1768,officer
1769,often
1770,oh
1771,oil
1772,old
1773,old-fashioned
1774,on
1775,once
1776,one
1777,onion
1778,only
1779,onward
1780,open
1781,or
1782,orange
1783,orchard
1784,order
1785,ore
1786,organ
1787,other
1788,otherwise
1789,ouch
1790,ought
1791,our
1792,ours
1793,ourselves
1794,out
1795,outdoors
1796,outfit
1797,outlaw
1798,outline
1799,outside
1800,outward
1801,oven
1802,over
1803,overalls
1804,overcoat
1805,overeat
1806,overhead
1807,overhear
1808,overnight
1809,overturn
1810,owe
1811,owing
1812,owl
1813,own
1814,owner
1815,ox
1816,pa
1817,pace
1818,pack
1819,package
1820,pad
1821,page
1822,paid
1823,pail
1824,pain
1825,painful
1826,paint
1827,painter
1828,painting
1829,pair
1830,pal
1831,palace
1832,pale
1833,pan
1834,pancake
1835,pane
1836,pansy
1837,pants
1838,papa
1839,paper
1840,parade
1841,pardon
1842,parent
1843,park
1844,part
1845,partly
1846,partner
1847,party
1848,pass
1849,passenger
1850,past
1851,paste
1852,pasture
1853,pat
1854,patch
1855,path
1856,patter
1857,pave
1858,pavement
1859,paw
1860,pay
1861,payment
1862,pea
1863,peas
1864,peace
1865,peaceful
1866,peach
1867,peaches
1868,peak
1869,peanut
1870,pear
1871,pearl
1872,peck
1873,peek
1874,peel
1875,peep
1876,peg
1877,pen
1878,pencil
1879,penny
1880,people
1881,pepper
1882,peppermint
1883,perfume
1884,perhaps
1885,person
1886,pet
1887,phone
1888,piano
1889,pick
1890,pickle
1891,picnic
1892,picture
1893,pie
1894,piece
1895,pig
1896,pigeon
1897,piggy
1898,pile
1899,pill
1900,pillow
1901,pin
1902,pine
1903,pineapple
1904,pink
1905,pint
1906,pipe
1907,pistol
1908,pit
1909,pitch
1910,pitcher
1911,pity
1912,place
1913,plain
1914,plan
1915,plane
1916,plant
1917,plate
1918,platform
1919,platter
1920,play
1921,player
1922,playground
1923,playhouse
1924,playmate
1925,plaything
1926,pleasant
1927,please
1928,pleasure
1929,plenty
1930,plow
1931,plug
1932,plum
1933,pocket
1934,pocketbook
1935,poem
1936,point
1937,poison
1938,poke
1939,pole
1940,police
1941,policeman
1942,polish
1943,polite
1944,pond
1945,ponies
1946,pony
1947,pool
1948,poor
1949,pop
1950,popcorn
1951,popped
1952,porch
1953,pork
1954,possible
1955,post
1956,postage
1957,postman
1958,pot
1959,potato
1960,potatoes
1961,pound
1962,pour
1963,powder
1964,power
1965,powerful
1966,praise
1967,pray
1968,prayer
1969,prepare
1970,present
1971,pretty
1972,price
1973,prick
1974,prince
1975,princess
1976,print
1977,prison
1978,prize
1979,promise
1980,proper
1981,protect
1982,proud
1983,prove
1984,prune
1985,public
1986,puddle
1987,puff
1988,pull
1989,pump
1990,pumpkin
1991,punch
1992,punish
1993,pup
1994,pupil
1995,puppy
1996,pure
1997,purple
1998,purse
1999,push
2000,puss
2001,pussy
2002,pussycat
2003,put
2004,putting
2005,puzzle
2006,quack
2007,quart
2008,quarter
2009,queen
2010,queer
2011,question
2012,quick
2013,quickly
2014,quiet
2015,quilt
2016,quit
2017,quite
2018,rabbit
2019,race
2020,rack
2021,radio
2022,radish
2023,rag
2024,rail
2025,railroad
2026,railway
2027,rain
2028,rainy
2029,rainbow
2030,raise
2031,raisin
2032,rake
2033,ram
2034,ran
2035,ranch
2036,rang
2037,rap
2038,rapidly
2039,rat
2040,rate
2041,rather
2042,rattle
2043,raw
2044,ray
2045,reach
2046,read
2047,reader
2048,reading
2049,ready
2050,real
2051,really
2052,reap
2053,rear
2054,reason
2055,rebuild
2056,receive
2057,recess
2058,record
2059,red
2060,redbird
2061,redbreast
2062,refuse
2063,reindeer
2064,rejoice
2065,remain
2066,remember
2067,remind
2068,remove
2069,rent
2070,repair
2071,repay
2072,repeat
2073,report
2074,rest
2075,return
2076,review
2077,reward
2078,rib
2079,ribbon
2080,rice
2081,rich
2082,rid
2083,riddle
2084,ride
2085,rider
2086,riding
2087,right
2088,rim
2089,ring
2090,rip
2091,ripe
2092,rise
2093,rising
2094,river
2095,road
2096,roadside
2097,roar
2098,roast
2099,rob
2100,robber
2101,robe
2102,robin
2103,rock
2104,rocky
2105,rocket
2106,rode
2107,roll
2108,roller
2109,roof
2110,room
2111,rooster
2112,root
2113,rope
2114,rose
2115,rosebud
2116,rot
2117,rotten
2118,rough
2119,round
2120,route
2121,row
2122,rowboat
2123,royal
2124,rub
2125,rubbed
2126,rubber
2127,rubbish
2128,rug
2129,rule
2130,ruler
2131,rumble
2132,run
2133,rung
2134,runner
2135,running
2136,rush
2137,rust
2138,rusty
2139,rye
2140,sack
2141,sad
2142,saddle
2143,sadness
2144,safe
2145,safety
2146,said
2147,sail
2148,sailboat
2149,sailor
2150,saint
2151,salad
2152,sale
2153,salt
2154,same
2155,sand
2156,sandy
2157,sandwich
2158,sang
2159,sank
2160,sap
2161,sash
2162,sat
2163,satin
2164,satisfactory
2165,Saturday
2166,sausage
2167,savage
2168,save
2169,savings
2170,saw
2171,say
2172,scab
2173,scales
2174,scare
2175,scarf
2176,school
2177,schoolboy
2178,schoolhouse
2179,schoolmaster
2180,schoolroom
2181,scorch
2182,score
2183,scrap
2184,scrape
2185,scratch
2186,scream
2187,screen
2188,screw
2189,scrub
2190,sea
2191,seal
2192,seam
2193,search
2194,season
2195,seat
2196,second
2197,secret
2198,see
2199,seeing
2200,seed
2201,seek
2202,seem
2203,seen
2204,seesaw
2205,select
2206,self
2207,selfish
2208,sell
2209,send
2210,sense
2211,sent
2212,sentence
2213,separate
2214,September
2215,servant
2216,serve
2217,service
2218,set
2219,setting
2220,settle
2221,settlement
2222,seven
2223,seventeen
2224,seventh
2225,seventy
2226,several
2227,sew
2228,shade
2229,shadow
2230,shady
2231,shake
2232,shaker
2233,shaking
2234,shall
2235,shame
2236,shan't
2237,shape
2238,share
2239,sharp
2240,shave
2241,she
2242,she'd
2243,she'll
2244,she's
2245,shear
2246,shears
2247,shed
2248,sheep
2249,sheet
2250,shelf
2251,shell
2252,shepherd
2253,shine
2254,shining
2255,shiny
2256,ship
2257,shirt
2258,shock
2259,shoe
2260,shoemaker
2261,shone
2262,shook
2263,shoot
2264,shop
2265,shopping
2266,shore
2267,short
2268,shot
2269,should
2270,shoulder
2271,shouldn't
2272,shout
2273,shovel
2274,show
2275,shower
2276,shut
2277,shy
2278,sick
2279,sickness
2280,side
2281,sidewalk
2282,sideways
2283,sigh
2284,sight
2285,sign
2286,silence
2287,silent
2288,silk
2289,sill
2290,silly
2291,silver
2292,simple
2293,sin
2294,since
2295,sing
2296,singer
2297,single
2298,sink
2299,sip
2300,sir
2301,sis
2302,sissy
2303,sister
2304,sit
2305,sitting
2306,six
2307,sixteen
2308,sixth
2309,sixty
2310,size
2311,skate
2312,skater
2313,ski
2314,skin
2315,skip
2316,skirt
2317,sky
2318,slam
2319,slap
2320,slate
2321,slave
2322,sled
2323,sleep
2324,sleepy
2325,sleeve
2326,sleigh
2327,slept
2328,slice
2329,slid
2330,slide
2331,sling
2332,slip
2333,slipped
2334,slipper
2335,slippery
2336,slit
2337,slow
2338,slowly
2339,sly
2340,smack
2341,small
2342,smart
2343,smell
2344,smile
2345,smoke
2346,smooth
2347,snail
2348,snake
2349,snap
2350,snapping
2351,sneeze
2352,snow
2353,snowy
2354,snowball
2355,snowflake
2356,snuff
2357,snug
2358,so
2359,soak
2360,soap
2361,sob
2362,socks
2363,sod
2364,soda
2365,sofa
2366,soft
2367,soil
2368,sold
2369,soldier
2370,sole
2371,some
2372,somebody
2373,somehow
2374,someone
2375,something
2376,sometime
2377,sometimes
2378,somewhere
2379,son
2380,song
2381,soon
2382,sore
2383,sorrow
2384,sorry
2385,sort
2386,soul
2387,sound
2388,soup
2389,sour
2390,south
2391,southern
2392,space
2393,spade
2394,spank
2395,sparrow
2396,speak
2397,speaker
2398,spear
2399,speech
2400,speed
2401,spell
2402,spelling
2403,spend
2404,spent
2405,spider
2406,spike
2407,spill
2408,spin
2409,spinach
2410,spirit
2411,spit
2412,splash
2413,spoil
2414,spoke
2415,spook
2416,spoon
2417,sport
2418,spot
2419,spread
2420,spring
2421,springtime
2422,sprinkle
2423,square
2424,squash
2425,squeak
2426,squeeze
2427,squirrel
2428,stable
2429,stack
2430,stage
2431,stair
2432,stall
2433,stamp
2434,stand
2435,star
2436,stare
2437,start
2438,starve
2439,state
2440,station
2441,stay
2442,steak
2443,steal
2444,steam
2445,steamboat
2446,steamer
2447,steel
2448,steep
2449,steeple
2450,steer
2451,stem
2452,step
2453,stepping
2454,stick
2455,sticky
2456,stiff
2457,still
2458,stillness
2459,sting
2460,stir
2461,stitch
2462,stock
2463,stocking
2464,stole
2465,stone
2466,stood
2467,stool
2468,stoop
2469,stop
2470,stopped
2471,stopping
2472,store
2473,stork
2474,stories
2475,storm
2476,stormy
2477,story
2478,stove
2479,straight
2480,strange
2481,stranger
2482,strap
2483,straw
2484,strawberry
2485,stream
2486,street
2487,stretch
2488,string
2489,strip
2490,stripes
2491,strong
2492,stuck
2493,study
2494,stuff
2495,stump
2496,stung
2497,subject
2498,such
2499,suck
2500,sudden
2501,suffer
2502,sugar
2503,suit
2504,sum
2505,summer
2506,sun
2507,Sunday
2508,sunflower
2509,sung
2510,sunk
2511,sunlight
2512,sunny
2513,sunrise
2514,sunset
2515,sunshine
2516,supper
2517,suppose
2518,sure
2519,surely
2520,surface
2521,surprise
2522,swallow
2523,swam
2524,swamp
2525,swan
2526,swat
2527,swear
2528,sweat
2529,sweater
2530,sweep
2531,sweet
2532,sweetness
2533,sweetheart
2534,swell
2535,swept
2536,swift
2537,swim
2538,swimming
2539,swing
2540,switch
2541,sword
2542,swore
2543,table
2544,tablecloth
2545,tablespoon
2546,tablet
2547,tack
2548,tag
2549,tail
2550,tailor
2551,take
2552,taken
2553,taking
2554,tale
2555,talk
2556,talker
2557,tall
2558,tame
2559,tan
2560,tank
2561,tap
2562,tape
2563,tar
2564,tardy
2565,task
2566,taste
2567,taught
2568,tax
2569,tea
2570,teach
2571,teacher
2572,team
2573,tear
2574,tease
2575,teaspoon
2576,teeth
2577,telephone
2578,tell
2579,temper
2580,ten
2581,tennis
2582,tent
2583,term
2584,terrible
2585,test
2586,than
2587,thank
2588,thanks
2589,thankful
2590,Thanksgiving
2591,that
2592,that's
2593,the
2594,theater
2595,thee
2596,their
2597,them
2598,then
2599,there
2600,these
2601,they
2602,they'd
2603,they'll
2604,they're
2605,they've
2606,thick
2607,thief
2608,thimble
2609,thin
2610,thing
2611,think
2612,third
2613,thirsty
2614,thirteen
2615,thirty
2616,this
2617,thorn
2618,those
2619,though
2620,thought
2621,thousand
2622,thread
2623,three
2624,threw
2625,throat
2626,throne
2627,through
2628,throw
2629,thrown
2630,thumb
2631,thunder
2632,Thursday
2633,thy
2634,tick
2635,ticket
2636,tickle
2637,tie
2638,tiger
2639,tight
2640,till
2641,time
2642,tin
2643,tinkle
2644,tiny
2645,tip
2646,tiptoe
2647,tire
2648,tired
2649,title
2650,to
2651,toad
2652,toadstool
2653,toast
2654,tobacco
2655,today
2656,toe
2657,together
2658,toilet
2659,told
2660,tomato
2661,tomorrow
2662,ton
2663,tone
2664,tongue
2665,tonight
2666,too
2667,took
2668,tool
2669,toot
2670,tooth
2671,toothbrush
2672,toothpick
2673,top
2674,tore
2675,torn
2676,toss
2677,touch
2678,tow
2679,toward
2680,towards
2681,towel
2682,tower
2683,town
2684,toy
2685,trace
2686,track
2687,trade
2688,train
2689,tramp
2690,trap
2691,tray
2692,treasure
2693,treat
2694,tree
2695,trick
2696,tricycle
2697,tried
2698,trim
2699,trip
2700,trolley
2701,trouble
2702,truck
2703,true
2704,truly
2705,trunk
2706,trust
2707,truth
2708,try
2709,tub
2710,Tuesday
2711,tug
2712,tulip
2713,tumble
2714,tune
2715,tunnel
2716,turkey
2717,turn
2718,turtle
2719,twelve
2720,twenty
2721,twice
2722,twig
2723,twin
2724,two
2725,ugly
2726,umbrella
2727,uncle
2728,under
2729,understand
2730,underwear
2731,undress
2732,unfair
2733,unfinished
2734,unfold
2735,unfriendly
2736,unhappy
2737,unhurt
2738,uniform
2739,United
2740,States
2741,unkind
2742,unknown
2743,unless
2744,unpleasant
2745,until
2746,unwilling
2747,up
2748,upon
2749,upper
2750,upset
2751,upside
2752,upstairs
2753,uptown
2754,upward
2755,us
2756,use
2757,used
2758,useful
2759,valentine
2760,valley
2761,valuable
2762,value
2763,vase
2764,vegetable
2765,velvet
2766,very
2767,vessel
2768,victory
2769,view
2770,village
2771,vine
2772,violet
2773,visit
2774,visitor
2775,voice
2776,vote
2777,wag
2778,wagon
2779,waist
2780,wait
2781,wake
2782,waken
2783,walk
2784,wall
2785,walnut
2786,want
2787,war
2788,warm
2789,warn
2790,was
2791,wash
2792,washer
2793,washtub
2794,wasn't
2795,waste
2796,watch
2797,watchman
2798,water
2799,watermelon
2800,waterproof
2801,wave
2802,wax
2803,way
2804,wayside
2805,we
2806,weak
2807,weakness
2808,weaken
2809,wealth
2810,weapon
2811,wear
2812,weary
2813,weather
2814,weave
2815,web
2816,we'd
2817,wedding
2818,Wednesday
2819,wee
2820,weed
2821,week
2822,we'll
2823,weep
2824,weigh
2825,welcome
2826,well
2827,went
2828,were
2829,we're
2830,west
2831,western
2832,wet
2833,we've
2834,whale
2835,what
2836,what's
2837,wheat
2838,wheel
2839,when
2840,whenever
2841,where
2842,which
2843,while
2844,whip
2845,whipped
2846,whirl
2847,whisky
2848,whiskey
2849,whisper
2850,whistle
2851,white
2852,who
2853,who'd
2854,whole
2855,who'll
2856,whom
2857,who's
2858,whose
2859,why
2860,wicked
2861,wide
2862,wife
2863,wiggle
2864,wild
2865,wildcat
2866,will
2867,willing
2868,willow
2869,win
2870,wind
2871,windy
2872,windmill
2873,window
2874,wine
2875,wing
2876,wink
2877,winner
2878,winter
2879,wipe
2880,wire
2881,wise
2882,wish
2883,wit
2884,witch
2885,with
2886,without
2887,woke
2888,wolf
2889,woman
2890,women
2891,won
2892,wonder
2893,wonderful
2894,won't
2895,wood
2896,wooden
2897,woodpecker
2898,woods
2899,wool
2900,woolen
2901,word
2902,wore
2903,work
2904,worker
2905,workman
2906,world
2907,worm
2908,worn
2909,worry
2910,worse
2911,worst
2912,worth
2913,would
2914,wouldn't
2915,wound
2916,wove
2917,wrap
2918,wrapped
2919,wreck
2920,wren
2921,wring
2922,write
2923,writing
2924,written
2925,wrong
2926,wrote
2927,wrung
2928,yard
2929,yarn
2930,year
2931,yell
2932,yellow
2933,yes
2934,yesterday
2935,yet
2936,yolk
2937,yonder
2938,you
2939,you'd
2940,you'll
2941,young
2942,youngster
2943,your
2944,yours
2945,you're
2946,yourself
2947,yourselves
2948,youth
2949,you've
