,Word,CEFR
0,a,A1
1,about,A1
2,above,A1
3,across,A1
4,action,A1
5,activity,A1
6,actor,A1
7,actress,A1
8,add,A1
9,address,A1
10,adult,A1
11,advice,A1
12,afraid,A1
13,after,A1
14,afternoon,A1
15,again,A1
16,age,A1
17,ago,A1
18,agree,A1
19,air,A1
20,airport,A1
21,all,A1
22,also,A1
23,always,A1
24,amazing,A1
25,and,A1
26,angry,A1
27,animal,A1
28,another,A1
29,answer,A1
30,any,A1
31,anyone,A1
32,anything,A1
33,apartment,A1
34,apple,A1
35,april,A1
36,area,A1
37,arm,A1
38,around,A1
39,arrive,A1
40,art,A1
41,article,A1
42,artist,A1
43,as,A1
44,ask,A1
45,at,A1
46,august,A1
47,aunt,A1
48,away,A1
49,awesome,A1
50,baby,A1
51,back,A1
52,bad,A1
53,bag,A1
54,ball,A1
55,banana,A1
56,band,A1
57,bank,A1
58,bar,A1
59,baseball,A1
60,basketball,A1
61,bath,A1
62,bathroom,A1
63,be,A1
64,beach,A1
65,beautiful,A1
66,because,A1
67,become,A1
68,bed,A1
69,bedroom,A1
70,beer,A1
71,before,A1
72,begin,A1
73,beginning,A1
74,behind,A1
75,believe,A1
76,below,A1
77,best,A1
78,better,A1
79,between,A1
80,bicycle,A1
81,big,A1
82,bike,A1
83,bill,A1
84,bird,A1
85,birthday,A1
86,black,A1
87,blog,A1
88,blond,A1
89,blue,A1
90,boat,A1
91,body,A1
92,book,A1
93,boot,A1
94,bored,A1
95,boring,A1
96,born,A1
97,both,A1
98,bottle,A1
99,box,A1
100,boy,A1
101,boyfriend,A1
102,bread,A1
103,break,A1
104,breakfast,A1
105,bring,A1
106,brother,A1
107,brown,A1
108,build,A1
109,building,A1
110,bus,A1
111,business,A1
112,busy,A1
113,but,A1
114,butter,A1
115,buy,A1
116,by,A1
117,bye,A1
118,cafe,A1
119,cake,A1
120,call,A1
121,camera,A1
122,can1,A1
123,cannot,A1
124,capital,A1
125,car,A1
126,card,A1
127,career,A1
128,carrot,A1
129,carry,A1
130,cat,A1
131,cd,A1
132,cent,A1
133,center,A1
134,chair,A1
135,change,A1
136,chart,A1
137,cheap,A1
138,check,A1
139,cheese,A1
140,chicken,A1
141,child,A1
142,chocolate,A1
143,choose,A1
144,city,A1
145,class,A1
146,classroom,A1
147,clean,A1
148,climb,A1
149,clock,A1
150,close1,A1
151,clothes,A1
152,club,A1
153,coat,A1
154,coffee,A1
155,cold,A1
156,college,A1
157,color,A1
158,come,A1
159,common,A1
160,company,A1
161,compare,A1
162,complete,A1
163,computer,A1
164,concert,A1
165,conversation,A1
166,cook,A1
167,cooking,A1
168,cool,A1
169,correct,A1
170,cost,A1
171,could,A1
172,country,A1
173,course,A1
174,cousin,A1
175,cow,A1
176,cream,A1
177,create,A1
178,culture,A1
179,cup,A1
180,customer,A1
181,cut,A1
182,dad,A1
183,dance,A1
184,dancer,A1
185,dancing,A1
186,dangerous,A1
187,dark,A1
188,date,A1
189,daughter,A1
190,day,A1
191,dear,A1
192,december,A1
193,decide,A1
194,delicious,A1
195,describe,A1
196,description,A1
197,design,A1
198,desk,A1
199,detail,A1
200,dialogue,A1
201,dictionary,A1
202,die,A1
203,diet,A1
204,difference,A1
205,different,A1
206,difficult,A1
207,dinner,A1
208,dirty,A1
209,discuss,A1
210,dish,A1
211,do1,A1
212,doctor,A1
213,dog,A1
214,dollar,A1
215,door,A1
216,down,A1
217,downstairs,A1
218,draw,A1
219,dress,A1
220,drink,A1
221,drive,A1
222,driver,A1
223,during,A1
224,dvd,A1
225,each,A1
226,ear,A1
227,early,A1
228,east,A1
229,easy,A1
230,eat,A1
231,egg,A1
232,eight,A1
233,eighteen,A1
234,eighty,A1
235,elephant,A1
236,eleven,A1
237,else,A1
238,email,A1
239,end,A1
240,enjoy,A1
241,enough,A1
242,euro,A1
243,even,A1
244,evening,A1
245,event,A1
246,ever,A1
247,every,A1
248,everybody,A1
249,everyone,A1
250,everything,A1
251,exam,A1
252,example,A1
253,excited,A1
254,exciting,A1
255,exercise,A1
256,expensive,A1
257,explain,A1
258,extra,A1
259,eye,A1
260,face,A1
261,fact,A1
262,fall,A1
263,false,A1
264,family,A1
265,famous,A1
266,fantastic,A1
267,far,A1
268,farm,A1
269,farmer,A1
270,fast,A1
271,fat,A1
272,father,A1
273,favorite,A1
274,february,A1
275,feel,A1
276,feeling,A1
277,festival,A1
278,few,A1
279,fifteen,A1
280,fifth,A1
281,fifty,A1
282,fill,A1
283,final,A1
284,find,A1
285,fine,A1
286,finish,A1
287,fire,A1
288,first,A1
289,fish,A1
290,five,A1
291,flight,A1
292,floor,A1
293,flower,A1
294,fly,A1
295,follow,A1
296,food,A1
297,foot,A1
298,football,A1
299,for,A1
300,forget,A1
301,form,A1
302,forty,A1
303,four,A1
304,fourteen,A1
305,fourth,A1
306,free,A1
307,friday,A1
308,friend,A1
309,friendly,A1
310,from,A1
311,front,A1
312,fruit,A1
313,full,A1
314,fun,A1
315,funny,A1
316,future,A1
317,game,A1
318,garden,A1
319,geography,A1
320,get,A1
321,girl,A1
322,girlfriend,A1
323,give,A1
324,glass,A1
325,go,A1
326,good,A1
327,goodbye,A1
328,grandfather,A1
329,grandmother,A1
330,grandparent,A1
331,gray,A1
332,great,A1
333,green,A1
334,group,A1
335,grow,A1
336,guess,A1
337,guitar,A1
338,gym,A1
339,hair,A1
340,half,A1
341,hand,A1
342,happen,A1
343,happy,A1
344,hard,A1
345,hat,A1
346,hate,A1
347,have,A1
349,he,A1
350,head,A1
351,health,A1
352,healthy,A1
353,hear,A1
354,hello,A1
355,help,A1
356,her,A1
357,here,A1
358,hey,A1
359,hi,A1
360,high,A1
361,him,A1
362,his,A1
363,history,A1
364,hobby,A1
365,home,A1
366,homework,A1
367,hope,A1
368,horse,A1
369,hospital,A1
370,hot,A1
371,hotel,A1
372,hour,A1
373,house,A1
374,how,A1
375,however,A1
376,hundred,A1
377,hungry,A1
378,husband,A1
379,i,A1
380,ice,A1
382,idea,A1
383,if,A1
384,imagine,A1
385,important,A1
386,improve,A1
387,in,A1
388,include,A1
389,information,A1
390,interest,A1
391,interested,A1
392,interesting,A1
393,internet,A1
394,interview,A1
395,into,A1
396,introduce,A1
397,island,A1
398,it,A1
399,its,A1
400,jacket,A1
401,january,A1
402,jeans,A1
403,job,A1
404,join,A1
405,juice,A1
406,july,A1
407,june,A1
408,just,A1
409,keep,A1
410,key,A1
411,kind,A1
412,kitchen,A1
413,know,A1
414,land,A1
415,language,A1
416,large,A1
417,last1,A1
418,late,A1
419,later,A1
420,laugh,A1
421,learn,A1
422,leave,A1
423,left,A1
424,leg,A1
425,lesson,A1
426,let,A1
427,letter,A1
428,library,A1
429,lie1,A1
430,life,A1
431,light,A1
432,adj.,A1
433,like,A1
435,line,A1
436,lion,A1
437,list,A1
438,listen,A1
439,little,A1
440,live1,A1
441,local,A1
442,long1,A1
443,look,A1
444,lose,A1
445,lot,A1
446,love,A1
447,lunch,A1
448,machine,A1
449,magazine,A1
450,main,A1
451,make,A1
452,mall,A1
453,man,A1
454,many,A1
455,map,A1
456,march,A1
457,market,A1
458,married,A1
459,match,A1
460,may,A1
461,maybe,A1
462,me,A1
463,meal,A1
464,mean,A1
465,meaning,A1
466,meat,A1
467,meet,A1
468,meeting,A1
469,member,A1
470,menu,A1
471,message,A1
472,meter,A1
473,midnight,A1
474,mile,A1
475,milk,A1
476,million,A1
477,minute1,A1
478,miss,A1
479,mistake,A1
480,model,A1
481,modern,A1
482,mom,A1
483,moment,A1
484,monday,A1
485,money,A1
486,month,A1
487,more,A1
488,morning,A1
489,most,A1
490,mother,A1
491,mountain,A1
492,mouse,A1
493,mouth,A1
494,move,A1
495,movie,A1
496,much,A1
497,museum,A1
498,music,A1
499,must,A1
500,my,A1
501,name,A1
502,natural,A1
503,near,A1
504,need,A1
505,negative,A1
506,neighbor,A1
507,neighborhood,A1
508,never,A1
509,new,A1
510,news,A1
511,newspaper,A1
512,next,A1
514,nice,A1
515,night,A1
516,nine,A1
517,nineteen,A1
518,ninety,A1
519,no,A1
521,nobody,A1
522,north,A1
523,nose,A1
524,not,A1
525,note,A1
526,nothing,A1
527,november,A1
528,now,A1
529,number,A1
530,nurse,A1
531,object,A1
532,ocean,A1
533,oâ€™clock,A1
534,october,A1
535,of,A1
536,off,A1
537,office,A1
538,often,A1
539,oh,A1
540,ok,A1
541,old,A1
542,on,A1
543,once,A1
544,one,A1
545,onion,A1
546,online,A1
547,only,A1
548,open,A1
549,opinion,A1
550,opposite,A1
551,or,A1
552,orange,A1
553,order,A1
554,other,A1
555,our,A1
556,out,A1
557,outside,A1
558,over,A1
559,own,A1
560,page,A1
561,paint,A1
562,painting,A1
563,pair,A1
564,pants,A1
565,paper,A1
566,paragraph,A1
567,parent,A1
568,park,A1
569,part,A1
570,partner,A1
571,party,A1
572,passport,A1
573,past,A1
574,pay,A1
575,pen,A1
576,pencil,A1
577,people,A1
578,pepper,A1
579,perfect,A1
580,period,A1
581,person,A1
582,personal,A1
583,phone,A1
584,photo,A1
585,photograph,A1
586,phrase,A1
587,piano,A1
588,picture,A1
589,piece,A1
590,pig,A1
591,pink,A1
592,place,A1
593,plan,A1
594,plane,A1
595,plant,A1
596,play,A1
597,player,A1
598,please,A1
599,point,A1
600,police,A1
601,policeman,A1
602,pool,A1
603,poor,A1
604,popular,A1
605,positive,A1
606,possible,A1
607,post,A1
608,potato,A1
609,pound,A1
610,practice,A1
611,prefer,A1
612,prepare,A1
613,present,A1
614,pretty,A1
615,price,A1
616,probably,A1
617,problem,A1
618,product,A1
619,program,A1
620,project,A1
621,purple,A1
622,put,A1
623,quarter,A1
624,question,A1
625,quick,A1
626,quickly,A1
627,quiet,A1
628,quite,A1
629,radio,A1
630,rain,A1
631,read,A1
632,reader,A1
633,reading,A1
634,ready,A1
635,real,A1
636,really,A1
637,reason,A1
638,red,A1
639,relax,A1
640,remember,A1
641,repeat,A1
642,report,A1
643,restaurant,A1
644,result,A1
645,return,A1
646,rice,A1
647,rich,A1
648,ride,A1
649,right,A1
650,river,A1
651,road,A1
652,room,A1
653,routine,A1
654,rule,A1
655,run,A1
656,sad,A1
657,salad,A1
658,salt,A1
659,same,A1
660,sandwich,A1
661,saturday,A1
662,say,A1
663,school,A1
664,science,A1
665,scientist,A1
666,second1,A1
667,det./number,A1
669,section,A1
670,see,A1
671,sell,A1
672,send,A1
673,sentence,A1
674,september,A1
675,seven,A1
676,seventeen,A1
677,seventy,A1
678,share,A1
679,she,A1
680,sheep,A1
681,shirt,A1
682,shoe,A1
683,shop,A1
684,shopping,A1
685,short,A1
686,should,A1
687,show,A1
688,shower,A1
689,sick,A1
690,similar,A1
691,sing,A1
692,singer,A1
693,sister,A1
694,sit,A1
695,situation,A1
696,six,A1
697,sixteen,A1
698,sixty,A1
699,skill,A1
700,skirt,A1
701,sleep,A1
702,slow,A1
703,small,A1
704,smart,A1
705,snake,A1
706,snow,A1
707,so,A1
708,some,A1
709,somebody,A1
710,someone,A1
711,something,A1
712,sometimes,A1
713,son,A1
714,song,A1
715,soon,A1
716,sorry,A1
717,sound,A1
718,soup,A1
719,south,A1
720,space,A1
721,speak,A1
722,special,A1
723,spell,A1
724,spelling,A1
725,spend,A1
726,sport,A1
727,spring,A1
728,stand,A1
729,star,A1
730,start,A1
731,statement,A1
732,station,A1
733,stay,A1
734,still,A1
735,stop,A1
736,store,A1
737,story,A1
738,street,A1
739,strong,A1
740,student,A1
741,study,A1
742,style,A1
743,subject,A1
744,success,A1
745,sugar,A1
746,summer,A1
747,sun,A1
748,sunday,A1
749,supermarket,A1
750,sure,A1
751,sweater,A1
752,swim,A1
753,swimming,A1
754,table,A1
755,take,A1
756,talk,A1
757,tall,A1
758,taxi,A1
759,tea,A1
760,teach,A1
761,teacher,A1
762,team,A1
763,teenager,A1
764,telephone,A1
765,television,A1
766,tell,A1
767,ten,A1
768,tennis,A1
769,terrible,A1
770,test,A1
771,text,A1
772,than,A1
773,thank,A1
774,thanks,A1
775,that,A1
776,theater,A1
777,their,A1
778,them,A1
779,then,A1
780,there,A1
781,they,A1
782,thing,A1
783,think,A1
784,third,A1
785,thirsty,A1
786,thirteen,A1
787,thirty,A1
788,this,A1
789,thousand,A1
790,three,A1
791,through,A1
792,thursday,A1
793,ticket,A1
794,time,A1
795,tired,A1
796,title,A1
797,to,A1
798,today,A1
799,together,A1
800,toilet,A1
801,tomato,A1
802,tomorrow,A1
803,tonight,A1
804,too,A1
805,tooth,A1
806,topic,A1
807,tourist,A1
808,town,A1
809,traffic,A1
810,train,A1
811,travel,A1
812,tree,A1
813,trip,A1
814,truck,A1
815,true,A1
816,try,A1
817,t-shirt,A1
818,tuesday,A1
819,turn,A1
820,tv,A1
821,twelve,A1
822,twenty,A1
823,twice,A1
824,two,A1
825,type,A1
826,umbrella,A1
827,uncle,A1
828,under,A1
829,understand,A1
830,university,A1
831,until,A1
832,up,A1
833,upstairs,A1
834,us,A1
835,use,A1
836,useful,A1
837,usually,A1
838,vacation,A1
839,vegetable,A1
840,very,A1
841,video,A1
842,visit,A1
843,visitor,A1
844,wait,A1
845,waiter,A1
846,wake,A1
847,walk,A1
848,wall,A1
849,want,A1
850,warm,A1
851,wash,A1
852,watch,A1
853,water,A1
854,way,A1
855,we,A1
856,wear,A1
857,weather,A1
858,website,A1
859,wednesday,A1
860,week,A1
861,weekend,A1
862,welcome,A1
863,well,A1
864,west,A1
865,what,A1
866,when,A1
867,where,A1
868,which,A1
869,white,A1
870,who,A1
871,why,A1
872,wife,A1
873,will,A1
874,win,A1
875,window,A1
876,wine,A1
877,winter,A1
878,with,A1
879,without,A1
880,woman,A1
881,wonderful,A1
882,word,A1
883,work,A1
884,worker,A1
885,world,A1
886,would,A1
887,write,A1
888,writer,A1
889,writing,A1
890,wrong,A1
891,yard,A1
892,yeah,A1
893,year,A1
894,yellow,A1
895,yes,A1
896,yesterday,A1
897,you,A1
898,young,A1
899,your,A1
900,yourself,A1
901,ability,A2
902,able,A2
903,accept,A2
904,accident,A2
905,according,A2
906,achieve,A2
907,act,A2
908,active,A2
909,actually,A2
911,advantage,A2
912,adventure,A2
913,advertise,A2
914,advertisement,A2
915,advertising,A2
916,affect,A2
918,against,A2
919,ah,A2
920,airline,A2
921,alive,A2
924,allow,A2
925,almost,A2
926,alone,A2
927,along,A2
928,already,A2
929,alternative,A2
930,although,A2
931,among,A2
932,amount,A2
933,analyze,A2
934,ancient,A2
935,ankle,A2
937,anybody,A2
938,anymore,A2
939,anyway,A2
940,anywhere,A2
941,app,A2
942,appear,A2
943,appearance,A2
944,apply,A2
945,architect,A2
946,architecture,A2
947,argue,A2
948,argument,A2
949,army,A2
950,arrange,A2
951,arrangement,A2
953,asleep,A2
954,assistant,A2
955,athlete,A2
956,attack,A2
957,attend,A2
958,attention,A2
959,attractive,A2
960,audience,A2
961,author,A2
962,available,A2
963,average,A2
964,avoid,A2
965,award,A2
966,awful,A2
968,background,A2
969,badly,A2
970,based,A2
971,bean,A2
972,bear,A2
973,beat,A2
974,beef,A2
976,behave,A2
977,behavior,A2
978,belong,A2
979,belt,A2
980,benefit,A2
984,billion,A2
985,biology,A2
986,birth,A2
987,bit,A2
988,blank,A2
989,block,A2
990,blood,A2
991,blow,A2
992,board,A2
993,boil,A2
994,bone,A2
996,borrow,A2
997,boss,A2
998,bottom,A2
999,bowl,A2
1000,brain,A2
1001,bridge,A2
1002,bright,A2
1003,brilliant,A2
1004,broken,A2
1005,brush,A2
1006,burn,A2
1007,businessman,A2
1008,button,A2
1009,camp,A2
1010,camping,A2
1011,campus,A2
1012,can2,A2
1013,candy,A2
1014,care,A2
1015,careful,A2
1016,carefully,A2
1017,carpet,A2
1018,cartoon,A2
1019,case,A2
1020,cash,A2
1021,catch,A2
1022,cause,A2
1023,celebrate,A2
1024,celebrity,A2
1025,cell,A2
1026,century,A2
1027,certain,A2
1028,certainly,A2
1029,chance,A2
1030,character,A2
1031,charity,A2
1032,chat,A2
1034,chef,A2
1035,chemistry,A2
1036,chip,A2
1037,choice,A2
1038,church,A2
1039,cigarette,A2
1040,circle,A2
1041,classical,A2
1042,clear,A2
1043,clearly,A2
1044,clerk,A2
1045,climate,A2
1046,close2,A2
1047,closed,A2
1048,closet,A2
1049,clothing,A2
1050,cloud,A2
1051,coach,A2
1052,coast,A2
1053,code,A2
1054,colleague,A2
1055,collect,A2
1056,column,A2
1057,comedy,A2
1058,comfortable,A2
1059,comment,A2
1060,communicate,A2
1061,community,A2
1062,compete,A2
1063,competition,A2
1064,complain,A2
1065,completely,A2
1066,condition,A2
1067,conference,A2
1068,connect,A2
1069,connected,A2
1070,consider,A2
1071,contain,A2
1072,context,A2
1073,continent,A2
1074,continue,A2
1075,control,A2
1077,cookie,A2
1078,copy,A2
1079,corner,A2
1080,correctly,A2
1081,count,A2
1082,couple,A2
1083,cover,A2
1084,crazy,A2
1085,creative,A2
1086,credit,A2
1087,crime,A2
1088,criminal,A2
1089,cross,A2
1090,crowd,A2
1091,crowded,A2
1092,cry,A2
1093,curly,A2
1094,cycle,A2
1095,daily,A2
1096,danger,A2
1098,data,A2
1099,dead,A2
1100,deal,A2
1101,death,A2
1102,decision,A2
1103,deep,A2
1104,definitely,A2
1105,degree,A2
1106,dentist,A2
1107,department,A2
1108,depend,A2
1109,desert,A2
1110,designer,A2
1111,dessert,A2
1112,destroy,A2
1113,detective,A2
1114,develop,A2
1115,device,A2
1116,diary,A2
1117,differently,A2
1118,digital,A2
1119,direct,A2
1120,direction,A2
1121,director,A2
1122,disagree,A2
1123,disappear,A2
1124,disaster,A2
1125,discover,A2
1126,discovery,A2
1127,discussion,A2
1128,disease,A2
1129,distance,A2
1130,divorced,A2
1131,document,A2
1132,double,A2
1133,download,A2
1135,downtown,A2
1136,drama,A2
1137,drawing,A2
1138,dream,A2
1140,driving,A2
1141,drop,A2
1142,drug,A2
1143,dry,A2
1144,earn,A2
1145,earth,A2
1146,easily,A2
1147,education,A2
1148,effect,A2
1149,either,A2
1150,electric,A2
1151,electrical,A2
1152,electricity,A2
1153,electronic,A2
1154,elevator,A2
1155,employ,A2
1156,employee,A2
1157,employer,A2
1158,empty,A2
1159,ending,A2
1160,energy,A2
1161,engine,A2
1162,engineer,A2
1163,enormous,A2
1164,enter,A2
1165,environment,A2
1166,equipment,A2
1167,error,A2
1168,especially,A2
1169,essay,A2
1170,everyday,A2
1171,everywhere,A2
1172,evidence,A2
1173,exact,A2
1174,exactly,A2
1175,excellent,A2
1176,except,A2
1177,exist,A2
1178,expect,A2
1179,experience,A2
1180,experiment,A2
1181,expert,A2
1182,explanation,A2
1183,express,A2
1184,expression,A2
1185,extreme,A2
1186,extremely,A2
1187,factor,A2
1188,factory,A2
1189,fail,A2
1190,fair,A2
1191,fan,A2
1193,farming,A2
1194,fashion,A2
1196,fear,A2
1197,feature,A2
1198,feed,A2
1199,female,A2
1200,fever,A2
1201,fiction,A2
1202,field,A2
1203,fight,A2
1204,figure,A2
1205,film,A2
1207,finally,A2
1208,finger,A2
1213,fishing,A2
1214,fit,A2
1215,fix,A2
1216,flat,A2
1217,flu,A2
1219,flying,A2
1220,focus,A2
1221,following,A2
1222,foreign,A2
1223,forest,A2
1224,fork,A2
1225,formal,A2
1226,fortunately,A2
1227,forward,A2
1229,fresh,A2
1230,frog,A2
1232,furniture,A2
1233,further,A2
1235,gallery,A2
1236,gap,A2
1237,garbage,A2
1238,gas,A2
1239,gate,A2
1240,general,A2
1241,gift,A2
1242,goal,A2
1243,god,A2
1244,gold,A2
1245,golf,A2
1247,government,A2
1248,grass,A2
1249,greet,A2
1250,grocery,A2
1251,ground,A2
1252,guest,A2
1253,guide,A2
1254,gun,A2
1255,guy,A2
1256,habit,A2
1258,hall,A2
1259,happily,A2
1261,headache,A2
1262,heart,A2
1263,heat,A2
1264,heavy,A2
1265,height,A2
1266,helpful,A2
1267,hero,A2
1268,hers,A2
1269,herself,A2
1270,hide,A2
1272,hill,A2
1273,himself,A2
1275,hit,A2
1276,hockey,A2
1277,hold,A2
1278,hole,A2
1279,holiday,A2
1282,huge,A2
1283,human,A2
1284,hurt,A2
1285,ideal,A2
1286,identify,A2
1287,ill,A2
1288,illness,A2
1289,image,A2
1290,immediately,A2
1291,impossible,A2
1292,included,A2
1293,including,A2
1294,increase,A2
1295,incredible,A2
1296,independent,A2
1297,individual,A2
1298,industry,A2
1299,informal,A2
1300,injury,A2
1301,insect,A2
1302,inside,A2
1303,instead,A2
1304,instruction,A2
1305,instructor,A2
1306,instrument,A2
1307,intelligent,A2
1308,international,A2
1309,introduction,A2
1310,invent,A2
1311,invention,A2
1312,invitation,A2
1313,invite,A2
1314,involve,A2
1315,item,A2
1316,itself,A2
1317,jam,A2
1318,jazz,A2
1319,jewelry,A2
1320,joke,A2
1321,journalist,A2
1322,jump,A2
1323,kid,A2
1324,kill,A2
1325,kilometer,A2
1326,king,A2
1327,knee,A2
1328,knife,A2
1329,knock,A2
1330,knowledge,A2
1331,lab,A2
1332,lady,A2
1333,lake,A2
1334,lamp,A2
1336,laptop,A2
1340,laughter,A2
1341,law,A2
1342,lawyer,A2
1343,lazy,A2
1344,lead1,A2
1345,leader,A2
1346,learning,A2
1347,least,A2
1348,lecture,A2
1349,lemon,A2
1350,lend,A2
1351,less,A2
1352,level,A2
1353,lifestyle,A2
1354,lift,A2
1357,likely,A2
1358,link,A2
1359,listener,A2
1361,lock,A2
1363,lost,A2
1364,loud,A2
1365,loudly,A2
1366,low,A2
1367,luck,A2
1368,lucky,A2
1369,mail,A2
1370,major,A2
1371,male,A2
1372,manage,A2
1373,manager,A2
1374,manner,A2
1375,mark,A2
1376,marry,A2
1377,material,A2
1378,math,A2
1379,mathematics,A2
1380,matter,A2
1382,mayor,A2
1383,media,A2
1384,medical,A2
1385,medicine,A2
1386,memory,A2
1387,mention,A2
1388,metal,A2
1389,method,A2
1390,middle,A2
1391,might,A2
1392,mind,A2
1393,mine,A2
1394,mirror,A2
1395,missing,A2
1396,monkey,A2
1397,moon,A2
1398,mostly,A2
1399,motorcycle,A2
1400,movement,A2
1401,musical,A2
1402,musician,A2
1403,myself,A2
1404,narrow,A2
1405,national,A2
1406,nature,A2
1407,nearly,A2
1408,necessary,A2
1409,neck,A2
1411,neither,A2
1412,nervous,A2
1413,network,A2
1414,noise,A2
1415,noisy,A2
1416,none,A2
1417,normal,A2
1418,normally,A2
1419,notice,A2
1420,novel,A2
1421,nowhere,A2
1423,nut,A2
1424,offer,A2
1425,officer,A2
1426,oil,A2
1427,onto,A2
1428,opportunity,A2
1429,option,A2
1430,ordinary,A2
1431,organization,A2
1432,organize,A2
1433,original,A2
1434,ourselves,A2
1436,oven,A2
1437,overseas,A2
1439,owner,A2
1440,pack,A2
1441,pain,A2
1442,painter,A2
1443,palace,A2
1444,parking,A2
1445,particular,A2
1446,pass,A2
1447,passenger,A2
1449,patient,A2
1450,pattern,A2
1452,peace,A2
1453,penny,A2
1454,per,A2
1455,percent,A2
1456,perform,A2
1457,perhaps,A2
1458,permission,A2
1459,personality,A2
1460,pet,A2
1462,physical,A2
1463,physics,A2
1464,pick,A2
1465,pilot,A2
1466,planet,A2
1468,plastic,A2
1469,plate,A2
1470,platform,A2
1472,pleased,A2
1473,pocket,A2
1474,polite,A2
1475,pollution,A2
1476,pop,A2
1477,population,A2
1478,position,A2
1479,possession,A2
1480,possibility,A2
1481,poster,A2
1482,power,A2
1483,predict,A2
1485,president,A2
1486,prevent,A2
1487,print,A2
1488,printer,A2
1489,prison,A2
1490,prize,A2
1491,process,A2
1492,produce,A2
1493,professional,A2
1494,professor,A2
1495,profile,A2
1496,progress,A2
1497,promise,A2
1498,pronounce,A2
1499,protect,A2
1500,provide,A2
1501,public,A2
1502,publish,A2
1503,pull,A2
1504,purpose,A2
1505,push,A2
1506,quality,A2
1507,quantity,A2
1508,queen,A2
1510,quietly,A2
1511,race,A2
1512,railroad,A2
1513,raise,A2
1514,rate,A2
1515,rather,A2
1516,reach,A2
1517,react,A2
1518,realize,A2
1519,receive,A2
1520,recent,A2
1521,recently,A2
1522,reception,A2
1523,recipe,A2
1524,recognize,A2
1525,recommend,A2
1526,record,A2
1527,recording,A2
1528,recycle,A2
1529,reduce,A2
1530,refer,A2
1531,refrigerator,A2
1532,refuse1,A2
1533,region,A2
1534,regular,A2
1535,relationship,A2
1536,remove,A2
1537,repair,A2
1538,replace,A2
1539,reply,A2
1541,reporter,A2
1542,request,A2
1543,research,A2
1544,researcher,A2
1545,respond,A2
1546,response,A2
1547,rest,A2
1549,review,A2
1551,ring1,A2
1552,ring2,A2
1553,rise,A2
1554,rock,A2
1556,role,A2
1557,roof,A2
1558,round,A2
1559,route,A2
1560,rude,A2
1562,runner,A2
1563,running,A2
1564,sadly,A2
1565,safe,A2
1566,sail,A2
1567,sailing,A2
1568,salary,A2
1569,sale,A2
1570,sauce,A2
1571,save,A2
1572,scared,A2
1573,scary,A2
1574,scene,A2
1575,schedule,A2
1576,score,A2
1577,screen,A2
1578,sea,A2
1579,search,A2
1580,season,A2
1581,seat,A2
1583,secret,A2
1584,secretary,A2
1585,seem,A2
1586,sense,A2
1587,separate,A2
1588,series,A2
1589,serious,A2
1590,serve,A2
1591,service,A2
1592,several,A2
1593,shake,A2
1594,shape,A2
1595,sheet,A2
1596,ship,A2
1597,shoulder,A2
1598,shout,A2
1599,shut,A2
1600,side,A2
1601,sign,A2
1602,silver,A2
1603,simple,A2
1604,since,A2
1605,singing,A2
1606,single,A2
1607,sir,A2
1608,site,A2
1609,size,A2
1610,ski,A2
1611,skiing,A2
1612,skin,A2
1613,sky,A2
1615,slowly,A2
1616,smartphone,A2
1617,smell,A2
1618,smile,A2
1619,smoke,A2
1620,smoking,A2
1621,sneaker,A2
1622,soap,A2
1623,soccer,A2
1624,social,A2
1625,society,A2
1626,sock,A2
1627,soft,A2
1628,soldier,A2
1629,solution,A2
1630,solve,A2
1631,somewhere,A2
1632,sort,A2
1633,source,A2
1634,speaker,A2
1635,specific,A2
1636,speech,A2
1637,speed,A2
1638,spider,A2
1639,spoon,A2
1640,square,A2
1641,stage,A2
1642,stair,A2
1643,stamp,A2
1646,state,A2
1648,steal,A2
1649,step,A2
1650,stomach,A2
1651,stone,A2
1652,storm,A2
1653,stove,A2
1654,straight,A2
1655,strange,A2
1656,strategy,A2
1657,stress,A2
1658,structure,A2
1659,stupid,A2
1660,subway,A2
1661,succeed,A2
1662,successful,A2
1663,such,A2
1664,suddenly,A2
1665,suggest,A2
1666,suggestion,A2
1667,suit,A2
1668,support,A2
1669,suppose,A2
1671,surprise,A2
1672,surprised,A2
1673,surprising,A2
1674,survey,A2
1675,sweet,A2
1676,symbol,A2
1677,system,A2
1678,tablet,A2
1680,target,A2
1681,task,A2
1682,taste,A2
1683,teaching,A2
1684,technology,A2
1685,teenage,A2
1686,temperature,A2
1687,term,A2
1689,themselves,A2
1690,thick,A2
1691,thief,A2
1692,thin,A2
1693,thinking,A2
1695,thought,A2
1696,throw,A2
1697,tie,A2
1698,tip,A2
1699,tool,A2
1700,top,A2
1701,touch,A2
1702,tour,A2
1703,tourism,A2
1704,toward,A2
1705,towel,A2
1706,tower,A2
1707,toy,A2
1708,track,A2
1709,tradition,A2
1710,traditional,A2
1712,training,A2
1713,transportation,A2
1714,trash,A2
1715,traveler,A2
1716,trouble,A2
1717,twin,A2
1718,typical,A2
1719,underground,A2
1720,understanding,A2
1721,unfortunately,A2
1722,unhappy,A2
1723,uniform,A2
1724,unit,A2
1725,united,A2
1726,unusual,A2
1729,used,A2
1730,user,A2
1731,usual,A2
1732,valley,A2
1733,variety,A2
1734,vehicle,A2
1735,view,A2
1736,village,A2
1737,virus,A2
1738,voice,A2
1740,war,A2
1742,washing,A2
1743,wave,A2
1744,weak,A2
1745,web,A2
1746,wedding,A2
1747,weight,A2
1749,wet,A2
1750,wheel,A2
1751,while,A2
1752,whole,A2
1753,whose,A2
1754,wide,A2
1755,wild,A2
1756,wind1,A2
1757,winner,A2
1758,wish,A2
1759,wood,A2
1760,wooden,A2
1761,working,A2
1762,worried,A2
1763,worry,A2
1764,worse,A2
1765,worst,A2
1766,wow,A2
1767,yet,A2
1768,yours,A2
1769,zero,A2
1770,absolutely,B1
1771,academic,B1
1772,access,B1
1773,account,B1
1774,achievement,B1
1776,ad,B1
1777,addition,B1
1778,administration,B1
1779,admire,B1
1780,admit,B1
1781,advanced,B1
1782,advise,B1
1783,afford,B1
1785,agent,B1
1786,agreement,B1
1787,ahead,B1
1788,aim,B1
1789,alarm,B1
1790,album,B1
1791,alcohol,B1
1792,alcoholic,B1
1794,amazed,B1
1795,ambition,B1
1796,analysis,B1
1797,announce,B1
1798,announcement,B1
1799,annoy,B1
1800,annoyed,B1
1801,annoying,B1
1802,apart,B1
1803,apologize,B1
1804,application,B1
1805,appointment,B1
1806,appreciate,B1
1807,approximately,B1
1808,arrest,B1
1809,arrival,B1
1810,assignment,B1
1811,assist,B1
1812,atmosphere,B1
1813,attach,B1
1814,attitude,B1
1815,attract,B1
1816,attraction,B1
1817,authority,B1
1818,automatic,B1
1819,automatically,B1
1822,aware,B1
1823,backward,B1
1824,bake,B1
1825,balance,B1
1826,ban,B1
1828,base,B1
1829,basic,B1
1830,basis,B1
1831,battery,B1
1832,battle,B1
1833,beauty,B1
1834,bee,B1
1835,belief,B1
1836,bell,B1
1837,bend,B1
1840,bite,B1
1843,bomb,B1
1844,border,B1
1845,bother,B1
1846,branch,B1
1847,brand,B1
1848,brave,B1
1849,breath,B1
1850,breathe,B1
1851,breathing,B1
1852,bride,B1
1853,bubble,B1
1854,bury,B1
1856,cable,B1
1857,calm,B1
1858,campaign,B1
1859,candidate,B1
1860,cap,B1
1861,captain,B1
1862,careless,B1
1863,category,B1
1864,ceiling,B1
1865,celebration,B1
1867,central,B1
1868,ceremony,B1
1869,chain,B1
1870,challenge,B1
1871,champion,B1
1872,channel,B1
1873,chapter,B1
1874,charge,B1
1876,cheat,B1
1877,cheerful,B1
1878,chemical,B1
1879,chest,B1
1880,childhood,B1
1881,claim,B1
1882,clause,B1
1884,clever,B1
1885,click,B1
1886,client,B1
1889,cloth,B1
1890,clue,B1
1892,coal,B1
1893,coin,B1
1894,collection,B1
1895,colored,B1
1896,combine,B1
1898,commercial,B1
1899,commit,B1
1900,communication,B1
1901,comparison,B1
1902,competitive,B1
1903,competitor,B1
1904,complaint,B1
1905,complex,B1
1906,concentrate,B1
1907,conclude,B1
1908,conclusion,B1
1909,confident,B1
1910,confirm,B1
1911,confuse,B1
1912,confused,B1
1913,connection,B1
1914,consequence,B1
1915,consist,B1
1916,consume,B1
1917,consumer,B1
1918,contact,B1
1919,container,B1
1920,content1,B1
1921,continuous,B1
1922,contrast,B1
1923,convenient,B1
1924,convince,B1
1926,corn,B1
1927,costume,B1
1928,cotton,B1
1930,countryside,B1
1931,court,B1
1933,covered,B1
1936,cruel,B1
1937,cultural,B1
1938,cupboard,B1
1939,currency,B1
1940,current,B1
1941,currently,B1
1942,curtain,B1
1943,custom,B1
1946,damage,B1
1948,decade,B1
1950,define,B1
1951,definite,B1
1952,definition,B1
1953,deliver,B1
1954,departure,B1
1955,despite,B1
1956,destination,B1
1957,determine,B1
1958,determined,B1
1959,development,B1
1960,diagram,B1
1961,diamond,B1
1962,difficulty,B1
1964,directly,B1
1965,dirt,B1
1966,disadvantage,B1
1967,disappointed,B1
1968,disappointing,B1
1969,discount,B1
1970,dislike,B1
1971,district,B1
1972,divide,B1
1973,documentary,B1
1974,donate,B1
1976,doubt,B1
1977,dressed,B1
1979,drum,B1
1980,drunk,B1
1981,due,B1
1982,dust,B1
1983,duty,B1
1984,earthquake,B1
1985,eastern,B1
1986,economic,B1
1987,economy,B1
1988,edge,B1
1989,editor,B1
1990,educate,B1
1991,educated,B1
1992,educational,B1
1993,effective,B1
1994,effectively,B1
1995,effort,B1
1996,election,B1
1997,element,B1
1998,embarrassed,B1
1999,embarrassing,B1
2000,emergency,B1
2001,emotion,B1
2002,employment,B1
2004,encourage,B1
2005,enemy,B1
2006,engaged,B1
2007,engineering,B1
2008,entertain,B1
2009,entertainment,B1
2010,entrance,B1
2011,entry,B1
2012,environmental,B1
2013,episode,B1
2014,equal,B1
2015,equally,B1
2016,escape,B1
2017,essential,B1
2018,eventually,B1
2019,examine,B1
2021,exchange,B1
2022,excitement,B1
2023,exhibition,B1
2024,exit,B1
2025,expand,B1
2026,expected,B1
2028,experienced,B1
2030,explode,B1
2031,explore,B1
2032,explosion,B1
2033,export,B1
2036,fairly,B1
2037,familiar,B1
2038,fancy,B1
2040,fascinating,B1
2041,fashionable,B1
2042,fasten,B1
2043,favor,B1
2046,federal,B1
2047,fence,B1
2048,fighting,B1
2049,file,B1
2050,financial,B1
2051,fitness,B1
2052,fixed,B1
2053,flag,B1
2054,flood,B1
2055,flour,B1
2056,flow,B1
2057,fold,B1
2058,folk,B1
2060,force,B1
2061,forever,B1
2062,frame,B1
2063,freeze,B1
2064,frequently,B1
2065,friendship,B1
2066,frighten,B1
2067,frightened,B1
2068,frightening,B1
2069,frozen,B1
2070,fry,B1
2071,fuel,B1
2072,function,B1
2073,fur,B1
2075,garage,B1
2076,gather,B1
2077,generally,B1
2078,generation,B1
2079,generous,B1
2080,gentle,B1
2081,gentleman,B1
2082,ghost,B1
2083,giant,B1
2084,glad,B1
2085,global,B1
2086,glove,B1
2088,grade,B1
2089,graduate,B1
2090,grain,B1
2091,grateful,B1
2092,growth,B1
2093,guard,B1
2094,guilty,B1
2096,hang,B1
2097,happiness,B1
2098,hardly,B1
2101,headline,B1
2102,heating,B1
2103,heavily,B1
2104,helicopter,B1
2105,highlight,B1
2106,highly,B1
2107,highway,B1
2108,hire,B1
2109,historic,B1
2110,historical,B1
2111,honest,B1
2112,horrible,B1
2113,horror,B1
2114,host,B1
2115,hunt,B1
2116,hurricane,B1
2117,hurry,B1
2118,identity,B1
2119,ignore,B1
2120,illegal,B1
2121,imaginary,B1
2122,immediate,B1
2123,immigrant,B1
2124,impact,B1
2125,import,B1
2126,importance,B1
2127,impression,B1
2128,impressive,B1
2129,improvement,B1
2130,incredibly,B1
2131,indeed,B1
2132,indicate,B1
2133,indirect,B1
2134,indoor,B1
2135,indoors,B1
2136,influence,B1
2137,ingredient,B1
2138,injure,B1
2139,injured,B1
2140,innocent,B1
2141,intelligence,B1
2142,intend,B1
2143,intention,B1
2144,invest,B1
2145,investigate,B1
2146,involved,B1
2147,iron,B1
2148,issue,B1
2150,journal,B1
2151,journey,B1
2152,judge,B1
2154,keyboard,B1
2155,kick,B1
2156,killing,B1
2158,kiss,B1
2160,label,B1
2161,laboratory,B1
2162,lack,B1
2163,latest,B1
2164,lay,B1
2165,layer,B1
2167,leading,B1
2168,leaf,B1
2169,leather,B1
2170,legal,B1
2171,leisure,B1
2172,length,B1
2174,lie2,B1
2176,limit,B1
2177,lip,B1
2178,liquid,B1
2179,literature,B1
2180,live2,B1
2181,living,B1
2183,locate,B1
2184,located,B1
2185,location,B1
2186,lonely,B1
2187,loss,B1
2188,luxury,B1
2189,mad,B1
2190,magic,B1
2191,mainly,B1
2192,management,B1
2194,marketing,B1
2195,marriage,B1
2196,meanwhile,B1
2197,measure,B1
2198,medium,B1
2199,mental,B1
2201,mess,B1
2202,mild,B1
2204,mix,B1
2205,mixture,B1
2206,mood,B1
2208,mud,B1
2209,murder,B1
2210,muscle,B1
2212,mystery,B1
2213,nail,B1
2214,narrative,B1
2215,nation,B1
2216,native,B1
2217,naturally,B1
2218,neat,B1
2219,necessarily,B1
2221,needle,B1
2223,net,B1
2225,nor,B1
2227,northern,B1
2230,nuclear,B1
2231,obvious,B1
2232,obviously,B1
2233,occasion,B1
2234,occur,B1
2235,odd,B1
2236,official,B1
2237,old-fashioned,B1
2239,operation,B1
2240,organized,B1
2241,organizer,B1
2243,originally,B1
2244,ought,B1
2245,ours,B1
2246,outdoor,B1
2247,outdoors,B1
2250,package,B1
2251,painful,B1
2252,pale,B1
2253,pan,B1
2254,participate,B1
2255,particularly,B1
2257,passion,B1
2258,path,B1
2259,payment,B1
2260,peaceful,B1
2261,percentage,B1
2262,perfectly,B1
2263,performance,B1
2264,personally,B1
2265,persuade,B1
2266,photographer,B1
2267,photography,B1
2268,pin,B1
2269,pipe,B1
2271,planning,B1
2272,pleasant,B1
2273,pleasure,B1
2274,plenty,B1
2275,plot,B1
2276,plus1,B1
2277,poem,B1
2278,poet,B1
2279,poetry,B1
2281,poison,B1
2282,poisonous,B1
2283,policy,B1
2284,political,B1
2285,politician,B1
2286,politics,B1
2287,port,B1
2288,portrait,B1
2289,possibly,B1
2290,pot,B1
2291,pour,B1
2292,poverty,B1
2293,powder,B1
2294,powerful,B1
2295,practical,B1
2296,pray,B1
2297,prayer,B1
2298,prediction,B1
2299,prepared,B1
2300,presentation,B1
2301,press,B1
2302,pressure,B1
2303,pretend,B1
2304,previous,B1
2305,previously,B1
2306,priest,B1
2307,primary,B1
2308,prince,B1
2309,princess,B1
2310,principal,B1
2311,printing,B1
2312,prisoner,B1
2313,private,B1
2314,producer,B1
2315,production,B1
2316,profession,B1
2317,profit,B1
2319,promote,B1
2320,proper,B1
2321,properly,B1
2322,property,B1
2323,protest,B1
2324,proud,B1
2325,prove,B1
2327,punish,B1
2328,punishment,B1
2330,qualification,B1
2331,qualified,B1
2332,qualify,B1
2333,quit,B1
2334,quotation,B1
2335,quote,B1
2337,racing,B1
2339,range,B1
2340,rare,B1
2341,rarely,B1
2342,reaction,B1
2343,reality,B1
2344,receipt,B1
2345,recommendation,B1
2346,reference,B1
2347,reflect,B1
2348,regularly,B1
2349,reject,B1
2350,relate,B1
2351,related,B1
2352,relation,B1
2353,relative,B1
2354,relaxed,B1
2355,relaxing,B1
2356,release,B1
2357,reliable,B1
2358,religion,B1
2359,religious,B1
2360,remain,B1
2361,remind,B1
2362,remote,B1
2363,rent,B1
2366,repeated,B1
2367,represent,B1
2369,require,B1
2370,reservation,B1
2371,resource,B1
2372,respect,B1
2373,responsibility,B1
2374,responsible,B1
2376,retire,B1
2377,retired,B1
2378,revise,B1
2380,risk,B1
2381,robot,B1
2382,roll,B1
2383,romantic,B1
2384,rope,B1
2385,rough,B1
2386,row1,B1
2387,royal,B1
2389,safety,B1
2391,sailor,B1
2392,sample,B1
2393,sand,B1
2394,scan,B1
2395,scientific,B1
2396,script,B1
2397,sculpture,B1
2398,secondary,B1
2399,security,B1
2400,seed,B1
2401,sensible,B1
2403,seriously,B1
2404,servant,B1
2405,set,B1
2407,setting,B1
2408,sex,B1
2409,sexual,B1
2412,sharp,B1
2413,shelf,B1
2414,shell,B1
2415,shift,B1
2416,shine,B1
2417,shiny,B1
2418,shoot,B1
2419,shy,B1
2420,sight,B1
2421,signal,B1
2422,silent,B1
2423,silly,B1
2424,similarity,B1
2425,similarly,B1
2426,simply,B1
2428,sink,B1
2429,slave,B1
2430,slice,B1
2431,slightly,B1
2433,smooth,B1
2434,software,B1
2435,soil,B1
2436,solid,B1
2438,southern,B1
2439,specifically,B1
2440,spending,B1
2441,spicy,B1
2442,spirit,B1
2443,spoken,B1
2444,spot,B1
2445,spread,B1
2447,stadium,B1
2448,staff,B1
2449,standard,B1
2451,statistic,B1
2452,statue,B1
2453,stick,B1
2457,stranger,B1
2458,strength,B1
2459,string,B1
2460,strongly,B1
2461,studio,B1
2462,stuff,B1
2463,substance,B1
2464,successfully,B1
2465,sudden,B1
2466,suffer,B1
2468,suitable,B1
2469,summarize,B1
2470,summary,B1
2471,supply,B1
2472,supporter,B1
2473,surely,B1
2474,surface,B1
2475,survive,B1
2477,switch,B1
2478,symptom,B1
2479,tail,B1
2480,talent,B1
2481,talented,B1
2482,tape,B1
2483,tax,B1
2484,technical,B1
2485,technique,B1
2486,tend,B1
2487,tent,B1
2489,theirs,B1
2490,theme,B1
2491,theory,B1
2492,therefore,B1
2494,though,B1
2495,throat,B1
2496,throughout,B1
2497,tight,B1
2498,till,B1
2499,tiny,B1
2501,tire,B1
2502,toe,B1
2503,ton,B1
2504,tongue,B1
2505,total,B1
2506,totally,B1
2509,trade,B1
2510,trainer,B1
2511,translate,B1
2512,translation,B1
2513,transport,B1
2514,treat,B1
2515,treatment,B1
2516,trend,B1
2517,trick,B1
2518,truth,B1
2519,tube,B1
2521,typically,B1
2522,ugly,B1
2523,unable,B1
2524,uncomfortable,B1
2525,underwear,B1
2526,unemployed,B1
2527,unemployment,B1
2528,unfair,B1
2529,union,B1
2530,unless,B1
2531,unlike,B1
2532,unlikely,B1
2533,unnecessary,B1
2534,unpleasant,B1
2535,update,B1
2536,upon,B1
2537,upset,B1
2538,used1,B1
2539,used2,B1
2540,valuable,B1
2541,value,B1
2542,various,B1
2543,version,B1
2544,victim,B1
2546,viewer,B1
2547,violent,B1
2548,volunteer,B1
2549,vote,B1
2551,warn,B1
2552,warning,B1
2553,waste,B1
2556,weapon,B1
2557,weigh,B1
2558,western,B1
2559,whatever,B1
2560,whenever,B1
2561,whether,B1
2566,wing,B1
2567,within,B1
2568,wonder,B1
2569,wool,B1
2570,worldwide,B1
2574,worth,B1
2575,written,B1
2578,youth,B1
2579,abandon,B2
2580,abroad,B2
2581,absolute,B2
2582,acceptable,B2
2583,accompany,B2
2585,accurate,B2
2586,accuse,B2
2587,acknowledge,B2
2588,acquire,B2
2589,actual,B2
2590,adapt,B2
2591,additional,B2
2593,adopt,B2
2594,advance,B2
2595,affair,B2
2596,afterward,B2
2597,agency,B2
2598,agenda,B2
2599,aggressive,B2
2600,aid,B2
2601,aircraft,B2
2603,alter,B2
2605,anger,B2
2606,angle,B2
2607,anniversary,B2
2608,annual,B2
2609,anxious,B2
2610,apparent,B2
2611,apparently,B2
2612,appeal,B2
2613,approach,B2
2614,appropriate,B2
2615,approval,B2
2616,approve,B2
2617,arise,B2
2618,armed,B2
2619,arms,B2
2620,artificial,B2
2621,artistic,B2
2622,ashamed,B2
2623,aside,B2
2624,aspect,B2
2625,assess,B2
2626,assessment,B2
2627,associate,B2
2628,associated,B2
2629,association,B2
2630,assume,B2
2631,attempt,B2
2632,attorney,B2
2634,bacteria,B2
2636,barrier,B2
2637,basically,B2
2641,beg,B2
2642,being,B2
2643,bent,B2
2644,bet,B2
2645,beyond,B2
2647,bitter,B2
2648,blame,B2
2649,blind,B2
2650,bond,B2
2652,breast,B2
2653,brief,B2
2654,broad,B2
2655,broadcast,B2
2656,budget,B2
2657,bullet,B2
2658,bunch,B2
2660,bush,B2
2662,calculate,B2
2663,cancel,B2
2664,cancer,B2
2665,capable,B2
2666,capacity,B2
2667,capture,B2
2668,cast,B2
2672,chairman,B2
2674,characteristic,B2
2676,chief,B2
2677,circumstance,B2
2678,cite,B2
2679,citizen,B2
2680,civil,B2
2681,classic,B2
2683,closely,B2
2684,collapse,B2
2685,combination,B2
2686,comfort,B2
2687,command,B2
2688,commission,B2
2689,commitment,B2
2690,committee,B2
2691,commonly,B2
2693,complicated,B2
2694,component,B2
2695,concentration,B2
2696,concept,B2
2697,concern,B2
2698,concerned,B2
2699,conduct,B2
2700,confidence,B2
2701,conflict,B2
2702,confusing,B2
2703,congress,B2
2704,conscious,B2
2705,conservative,B2
2706,consideration,B2
2707,consistent,B2
2708,constant,B2
2709,constantly,B2
2710,construct,B2
2711,construction,B2
2712,contemporary,B2
2713,contest,B2
2714,contract,B2
2715,contribute,B2
2716,contribution,B2
2717,convert,B2
2718,convinced,B2
2719,core,B2
2720,corporate,B2
2721,council,B2
2722,county,B2
2723,courage,B2
2724,crash,B2
2725,creation,B2
2726,creature,B2
2728,crew,B2
2729,crisis,B2
2730,criterion,B2
2731,critic,B2
2732,critical,B2
2733,criticism,B2
2734,criticize,B2
2735,crop,B2
2736,crucial,B2
2738,cure,B2
2740,curve,B2
2741,curved,B2
2743,debate,B2
2744,debt,B2
2745,decent,B2
2746,declare,B2
2747,decline,B2
2748,decorate,B2
2749,decoration,B2
2750,decrease,B2
2751,deeply,B2
2752,defeat,B2
2753,defend,B2
2754,defense,B2
2755,delay,B2
2756,deliberate,B2
2757,deliberately,B2
2758,delivery,B2
2759,demand,B2
2760,demonstrate,B2
2761,deny,B2
2762,depressed,B2
2763,depressing,B2
2764,depth,B2
2766,deserve,B2
2767,desire,B2
2768,desperate,B2
2770,detailed,B2
2771,detect,B2
2772,dig,B2
2773,discipline,B2
2775,dishonest,B2
2776,disk,B2
2777,dismiss,B2
2778,display,B2
2779,distribute,B2
2780,distribution,B2
2782,division,B2
2784,domestic,B2
2785,dominate,B2
2786,downward,B2
2787,dozen,B2
2788,draft,B2
2789,drag,B2
2790,dramatic,B2
2791,edit,B2
2792,edition,B2
2793,efficient,B2
2794,elderly,B2
2795,elect,B2
2796,elsewhere,B2
2797,emerge,B2
2798,emotional,B2
2799,emphasis,B2
2800,emphasize,B2
2801,enable,B2
2802,encounter,B2
2803,engage,B2
2804,enhance,B2
2805,ensure,B2
2806,enthusiasm,B2
2807,enthusiastic,B2
2808,entire,B2
2809,entirely,B2
2811,establish,B2
2812,estate,B2
2813,estimate,B2
2814,ethical,B2
2815,evaluate,B2
2817,evil,B2
2818,examination,B2
2819,excuse,B2
2820,executive,B2
2821,exhibit,B2
2822,existence,B2
2824,expectation,B2
2825,expense,B2
2826,exploration,B2
2827,expose,B2
2828,extend,B2
2829,extent,B2
2830,external,B2
2831,extraordinary,B2
2833,facility,B2
2834,failure,B2
2835,faith,B2
2836,fault,B2
2838,feather,B2
2839,fee,B2
2841,feedback,B2
2843,fellow,B2
2846,finance,B2
2847,finding,B2
2848,firm,B2
2850,flame,B2
2851,flash,B2
2852,flexible,B2
2853,float,B2
2855,folding,B2
2857,forgive,B2
2858,former,B2
2859,fortune,B2
2861,found,B2
2863,freedom,B2
2864,frequency,B2
2866,fully,B2
2868,fund,B2
2869,fundamental,B2
2870,funding,B2
2871,furthermore,B2
2872,gain,B2
2873,gang,B2
2874,generate,B2
2875,genre,B2
2876,goods,B2
2877,govern,B2
2878,governor,B2
2879,grab,B2
2881,gradually,B2
2882,grand,B2
2883,grant,B2
2884,guarantee,B2
2885,handle,B2
2886,harm,B2
2887,harmful,B2
2888,hearing,B2
2889,heaven,B2
2890,heel,B2
2891,hell,B2
2892,hesitate,B2
2896,hollow,B2
2897,holy,B2
2898,honor,B2
2901,household,B2
2902,housing,B2
2903,humor,B2
2904,humorous,B2
2906,hunting,B2
2909,illustrate,B2
2910,illustration,B2
2911,imagination,B2
2912,impatient,B2
2913,imply,B2
2914,impose,B2
2915,impress,B2
2916,impressed,B2
2917,inch,B2
2918,incident,B2
2919,income,B2
2920,increasingly,B2
2921,industrial,B2
2922,infection,B2
2923,inform,B2
2924,initial,B2
2925,initially,B2
2926,initiative,B2
2927,inner,B2
2928,inquiry,B2
2929,insight,B2
2930,insist,B2
2931,inspire,B2
2932,install,B2
2933,instance,B2
2934,institute,B2
2935,institution,B2
2936,insurance,B2
2937,intended,B2
2938,intense,B2
2939,internal,B2
2940,interpret,B2
2941,interrupt,B2
2942,investigation,B2
2943,investment,B2
2945,joy,B2
2946,judgment,B2
2947,junior,B2
2948,justice,B2
2949,justify,B2
2950,labor,B2
2951,landscape,B2
2952,largely,B2
2954,launch,B2
2955,leadership,B2
2956,league,B2
2957,lean,B2
2960,license,B2
2961,limited,B2
2963,lively,B2
2964,load,B2
2965,loan,B2
2966,logical,B2
2967,long-term,B2
2968,loose,B2
2969,lord,B2
2971,lower,B2
2972,lung,B2
2973,maintain,B2
2975,majority,B2
2978,mass,B2
2979,massive,B2
2980,master,B2
2981,matching,B2
2983,maximum,B2
2984,means,B2
2985,measurement,B2
2987,melt,B2
2988,military,B2
2989,mineral,B2
2990,minimum,B2
2991,minister,B2
2992,minor,B2
2993,minority,B2
2994,mission,B2
2996,mixed,B2
2998,modify,B2
2999,monitor,B2
3000,moral,B2
3001,motor,B2
3002,mount,B2
3003,multiple,B2
3004,multiply,B2
3005,mysterious,B2
3009,nerve,B2
3010,nevertheless,B2
3011,nightmare,B2
3012,notion,B2
3013,numerous,B2
3014,obey,B2
3016,objective,B2
3017,obligation,B2
3018,observation,B2
3019,observe,B2
3020,obtain,B2
3021,occasionally,B2
3022,offend,B2
3023,offense,B2
3024,offensive,B2
3026,opening,B2
3027,operate,B2
3028,opponent,B2
3029,oppose,B2
3030,opposed,B2
3031,opposition,B2
3032,organ,B2
3033,origin,B2
3034,otherwise,B2
3035,outcome,B2
3036,outer,B2
3037,outline,B2
3038,overall,B2
3039,owe,B2
3040,pace,B2
3042,panel,B2
3043,participant,B2
3044,partly,B2
3045,passage,B2
3047,permanent,B2
3048,permit,B2
3049,perspective,B2
3050,phase,B2
3051,phenomenon,B2
3052,philosophy,B2
3055,pile,B2
3056,pitch,B2
3057,plain,B2
3060,pointed,B2
3061,popularity,B2
3062,pose,B2
3065,possess,B2
3066,potential,B2
3068,praise,B2
3069,pregnant,B2
3070,preparation,B2
3071,presence,B2
3072,preserve,B2
3074,prime,B2
3076,principle,B2
3078,priority,B2
3079,privacy,B2
3080,procedure,B2
3086,proof,B2
3087,proposal,B2
3088,propose,B2
3089,prospect,B2
3090,protection,B2
3091,psychologist,B2
3092,psychology,B2
3093,publication,B2
3094,purchase,B2
3095,pure,B2
3096,pursue,B2
3098,rank,B2
3099,rapid,B2
3100,rapidly,B2
3102,raw,B2
3104,realistic,B2
3105,reasonable,B2
3106,recall,B2
3107,recover,B2
3108,reduction,B2
3109,regard,B2
3110,regional,B2
3111,register,B2
3112,regret,B2
3113,regulation,B2
3114,relatively,B2
3115,relevant,B2
3116,relief,B2
3117,rely,B2
3118,remark,B2
3119,representative,B2
3120,reputation,B2
3121,requirement,B2
3122,rescue,B2
3123,reserve,B2
3124,resident,B2
3125,resist,B2
3126,resolve,B2
3127,resort,B2
3128,retain,B2
3129,reveal,B2
3130,revolution,B2
3131,reward,B2
3132,rhythm,B2
3133,rid,B2
3135,root,B2
3138,rub,B2
3139,rubber,B2
3140,rural,B2
3141,rush,B2
3143,satellite,B2
3144,satisfied,B2
3145,satisfy,B2
3146,saving,B2
3147,scale,B2
3149,scream,B2
3152,sector,B2
3153,secure,B2
3154,seek,B2
3155,select,B2
3156,selection,B2
3157,self,B2
3158,senate,B2
3159,senator,B2
3160,senior,B2
3162,sensitive,B2
3164,sequence,B2
3165,session,B2
3166,settle,B2
3167,severe,B2
3168,shade,B2
3169,shadow,B2
3170,shall,B2
3171,shallow,B2
3172,shame,B2
3174,shelter,B2
3177,shock,B2
3178,shocked,B2
3179,shooting,B2
3180,shot,B2
3181,significant,B2
3182,significantly,B2
3183,silence,B2
3184,silk,B2
3185,sincere,B2
3186,slide,B2
3187,slight,B2
3188,slip,B2
3189,slope,B2
3190,solar,B2
3191,somewhat,B2
3192,soul,B2
3193,specialist,B2
3194,species,B2
3196,spiritual,B2
3197,split,B2
3198,sponsor,B2
3201,stable,B2
3204,stare,B2
3205,status,B2
3206,steady,B2
3207,steel,B2
3208,steep,B2
3210,sticky,B2
3211,stiff,B2
3212,stock,B2
3213,stream,B2
3214,stretch,B2
3215,strict,B2
3216,strike,B2
3218,struggle,B2
3221,submit,B2
3222,sum,B2
3223,surgery,B2
3224,surround,B2
3225,surrounding,B2
3227,suspect,B2
3228,swear,B2
3229,sweep,B2
3231,sympathy,B2
3232,tale,B2
3233,tank,B2
3235,tear1,B2
3236,tear2,B2
3237,temporary,B2
3239,therapy,B2
3240,threat,B2
3241,threaten,B2
3242,thus,B2
3245,tone,B2
3246,tough,B2
3248,transfer,B2
3249,transform,B2
3250,transition,B2
3251,trial,B2
3253,tropical,B2
3255,truly,B2
3256,trust,B2
3258,tune,B2
3259,tunnel,B2
3260,ultimately,B2
3261,unconscious,B2
3262,unexpected,B2
3263,unique,B2
3264,universe,B2
3265,unknown,B2
3266,upper,B2
3267,upward,B2
3268,urban,B2
3269,urge,B2
3271,van,B2
3272,vary,B2
3273,vast,B2
3274,venue,B2
3276,via,B2
3277,victory,B2
3278,violence,B2
3279,virtual,B2
3280,vision,B2
3281,visual,B2
3282,vital,B2
3283,vitamin,B2
3284,volume,B2
3285,wage,B2
3287,weakness,B2
3288,wealth,B2
3289,wealthy,B2
3290,whereas,B2
3291,wherever,B2
3292,whisper,B2
3293,whom,B2
3294,widely,B2
3295,wildlife,B2
3296,willing,B2
3297,wind2,B2
3298,wire,B2
3299,wise,B2
3300,witness,B2
3304,wound,B2
3305,wrap,B2
3308,zone,B2
3309,absorb,B2
3310,abstract,B2
3311,accent,B2
3312,accidentally,B2
3313,accommodate,B2
3314,accommodation,B2
3315,accomplish,B2
3316,accountant,B2
3317,accuracy,B2
3318,accurately,B2
3319,acid,B2
3320,acre,B2
3321,activate,B2
3322,addiction,B2
3323,additionally,B2
3324,adequate,B2
3325,adequately,B2
3326,adjust,B2
3327,affordable,B2
3328,aged,B2
3329,agriculture,B2
3330,aids,B2
3331,alien,B2
3332,alongside,B2
3333,altogether,B2
3334,ambitious,B2
3335,ambulance,B2
3336,amusing,B2
3337,analyst,B2
3338,ancestor,B2
3339,animation,B2
3340,annually,B2
3341,anticipate,B2
3342,anxiety,B2
3343,apology,B2
3344,applicant,B2
3345,appropriately,B2
3346,arrow,B2
3347,artwork,B2
3348,asset,B2
3349,assign,B2
3350,assistance,B2
3351,assumption,B2
3352,assure,B2
3353,astonishing,B2
3354,athletic,B2
3355,attachment,B2
3356,audio,B2
3357,awareness,B2
3358,awkward,B2
3359,badge,B2
3360,balanced,B2
3361,ballet,B2
3362,balloon,B2
3363,barely,B2
3364,bargain,B2
3365,basement,B2
3366,basket,B2
3367,bat,B2
3368,beneficial,B2
3369,beside,B2
3370,besides,B2
3371,bias,B2
3372,bid,B2
3373,biological,B2
3374,blanket,B2
3376,bold,B2
3377,bombing,B2
3378,boost,B2
3379,bound,B2
3380,brick,B2
3381,briefly,B2
3382,broadcaster,B2
3383,broadly,B2
3384,buck,B2
3385,bug,B2
3386,cabin,B2
3387,canal,B2
3388,candle,B2
3389,carbon,B2
3390,castle,B2
3391,casual,B2
3392,cave,B2
3393,certainty,B2
3394,certificate,B2
3395,challenging,B2
3396,championship,B2
3397,charming,B2
3398,chase,B2
3399,cheek,B2
3400,cheer,B2
3401,chop,B2
3402,circuit,B2
3403,civilization,B2
3404,clarify,B2
3405,classify,B2
3406,cliff,B2
3407,clinic,B2
3408,clip,B2
3409,coincidence,B2
3410,collector,B2
3411,colony,B2
3412,colorful,B2
3413,comic,B2
3414,commander,B2
3415,comparative,B2
3416,completion,B2
3417,compose,B2
3418,composer,B2
3419,compound,B2
3420,comprehensive,B2
3421,comprise,B2
3422,compulsory,B2
3423,concrete,B2
3424,confess,B2
3425,confusion,B2
3426,consequently,B2
3427,conservation,B2
3428,considerable,B2
3429,considerably,B2
3430,consistently,B2
3431,conspiracy,B2
3432,consult,B2
3433,consultant,B2
3434,consumption,B2
3435,controversial,B2
3436,controversy,B2
3437,convenience,B2
3438,convention,B2
3439,conventional,B2
3440,convey,B2
3441,convincing,B2
3442,cop,B2
3443,cope,B2
3444,corporation,B2
3445,corridor,B2
3446,counter,B2
3447,coverage,B2
3448,cowboy,B2
3449,crack,B2
3450,craft,B2
3451,creativity,B2
3452,critically,B2
3453,cruise,B2
3454,cue,B2
3455,curious,B2
3456,curriculum,B2
3457,cute,B2
3458,dairy,B2
3459,dare,B2
3460,darkness,B2
3461,database,B2
3462,deadline,B2
3463,deadly,B2
3464,dealer,B2
3465,deck,B2
3466,defender,B2
3467,delete,B2
3468,delighted,B2
3469,democracy,B2
3470,democratic,B2
3471,demonstration,B2
3472,depart,B2
3473,dependent,B2
3474,deposit,B2
3475,depression,B2
3476,derive,B2
3477,desperately,B2
3478,destruction,B2
3479,determination,B2
3480,devote,B2
3481,differ,B2
3482,dime,B2
3483,disability,B2
3484,disabled,B2
3485,disagreement,B2
3486,disappoint,B2
3487,disappointment,B2
3488,discourage,B2
3489,disorder,B2
3490,distant,B2
3491,distinct,B2
3492,distinguish,B2
3493,distract,B2
3494,disturb,B2
3495,dive,B2
3496,diverse,B2
3497,diversity,B2
3498,divorce,B2
3499,dominant,B2
3500,donation,B2
3501,dot,B2
3502,dramatically,B2
3503,drought,B2
3504,dull,B2
3505,dump,B2
3506,duration,B2
3507,dynamic,B2
3508,eager,B2
3509,economics,B2
3510,economist,B2
3511,editorial,B2
3512,efficiently,B2
3513,elbow,B2
3514,electronics,B2
3515,elegant,B2
3516,elementary,B2
3517,eliminate,B2
3518,embrace,B2
3519,emission,B2
3520,emotionally,B2
3521,empire,B2
3522,enjoyable,B2
3523,entertaining,B2
3524,entrepreneur,B2
3525,envelope,B2
3526,equip,B2
3527,equivalent,B2
3528,era,B2
3529,erupt,B2
3530,essentially,B2
3531,ethic,B2
3532,ethnic,B2
3533,evaluation,B2
3534,evident,B2
3535,evolution,B2
3536,evolve,B2
3537,exceed,B2
3538,exception,B2
3539,excessive,B2
3540,exclude,B2
3541,exotic,B2
3542,expansion,B2
3543,expedition,B2
3544,expertise,B2
3545,exploit,B2
3546,exposure,B2
3547,extension,B2
3548,extensive,B2
3549,extensively,B2
3550,extract,B2
3551,fabric,B2
3552,fabulous,B2
3553,faculty,B2
3554,failed,B2
3555,fake,B2
3556,fame,B2
3557,fantasy,B2
3558,fare,B2
3559,firefighter,B2
3560,firework,B2
3562,firmly,B2
3563,flavor,B2
3564,fond,B2
3565,fool,B2
3566,forbid,B2
3567,forecast,B2
3568,format,B2
3569,formation,B2
3570,formerly,B2
3571,fortunate,B2
3572,forum,B2
3573,fossil,B2
3574,foundation,B2
3575,founder,B2
3576,fraction,B2
3577,fragment,B2
3578,framework,B2
3579,fraud,B2
3580,freely,B2
3581,frequent,B2
3582,fulfill,B2
3583,full-time,B2
3584,fundamentally,B2
3585,furious,B2
3586,gallon,B2
3587,gaming,B2
3588,gay,B2
3589,gender,B2
3590,gene,B2
3591,genetic,B2
3592,genius,B2
3593,genuine,B2
3594,genuinely,B2
3595,gesture,B2
3596,globalization,B2
3597,globe,B2
3598,golden,B2
3599,goodness,B2
3600,gorgeous,B2
3601,graphic,B2
3602,graphics,B2
3603,greatly,B2
3604,greenhouse,B2
3605,guideline,B2
3606,habitat,B2
3607,harbor,B2
3608,headquarters,B2
3609,heal,B2
3610,healthcare,B2
3611,helmet,B2
3612,hence,B2
3613,herb,B2
3614,hidden,B2
3615,hilarious,B2
3616,hip,B2
3617,historian,B2
3618,homeless,B2
3619,honesty,B2
3620,honey,B2
3621,hook,B2
3622,hopefully,B2
3623,hunger,B2
3624,hypothesis,B2
3625,icon,B2
3626,id,B2
3627,identical,B2
3628,illusion,B2
3629,immigration,B2
3630,immune,B2
3631,implement,B2
3632,implication,B2
3633,incentive,B2
3634,incorporate,B2
3635,incorrect,B2
3636,independence,B2
3637,index,B2
3638,indication,B2
3639,inevitable,B2
3640,inevitably,B2
3641,infer,B2
3642,inflation,B2
3643,info,B2
3644,infrastructure,B2
3645,inhabitant,B2
3646,inherit,B2
3647,ink,B2
3648,innovation,B2
3649,innovative,B2
3650,input,B2
3651,insert,B2
3652,inspector,B2
3653,installation,B2
3654,instant,B2
3655,instantly,B2
3656,integrate,B2
3657,intellectual,B2
3658,interact,B2
3659,interaction,B2
3660,interpretation,B2
3661,interval,B2
3662,invade,B2
3663,invasion,B2
3664,investor,B2
3665,isolate,B2
3666,isolated,B2
3667,jail,B2
3668,jet,B2
3669,joint,B2
3670,journalism,B2
3671,jury,B2
3672,kindergarten,B2
3673,kit,B2
3674,ladder,B2
3675,landing,B2
3676,lane,B2
3677,lately,B2
3678,legend,B2
3679,lens,B2
3680,lifetime,B2
3681,lighting,B2
3682,likewise,B2
3683,limitation,B2
3684,literally,B2
3685,literary,B2
3686,litter,B2
3687,logo,B2
3688,lottery,B2
3689,loyal,B2
3690,lyric,B2
3691,makeup,B2
3692,making,B2
3693,manufacture,B2
3694,manufacturing,B2
3695,marathon,B2
3696,margin,B2
3697,marker,B2
3698,martial,B2
3699,mate,B2
3700,mechanic,B2
3701,mechanical,B2
3702,mechanism,B2
3703,medal,B2
3704,medication,B2
3705,membership,B2
3706,memorable,B2
3707,metaphor,B2
3708,miner,B2
3709,miserable,B2
3710,mode,B2
3711,modest,B2
3712,monster,B2
3713,monthly,B2
3714,monument,B2
3715,moreover,B2
3716,mortgage,B2
3717,mosque,B2
3718,mosquito,B2
3719,motion,B2
3720,motivate,B2
3721,motivation,B2
3722,moving,B2
3723,myth,B2
3724,naked,B2
3725,nasty,B2
3726,navigation,B2
3727,nearby,B2
3728,necessity,B2
3729,negotiate,B2
3730,negotiation,B2
3731,neutral,B2
3732,newly,B2
3733,nickel,B2
3734,norm,B2
3735,notebook,B2
3736,novelist,B2
3737,nowadays,B2
3738,nursing,B2
3739,nutrition,B2
3740,obesity,B2
3741,observer,B2
3742,obstacle,B2
3743,occupation,B2
3744,occupy,B2
3745,offender,B2
3746,ongoing,B2
3747,openly,B2
3748,opera,B2
3749,operator,B2
3750,optimistic,B2
3751,orchestra,B2
3752,organic,B2
3753,outfit,B2
3754,output,B2
3755,outstanding,B2
3756,overcome,B2
3757,overnight,B2
3758,ownership,B2
3759,oxygen,B2
3760,packet,B2
3761,palm,B2
3762,panic,B2
3763,parade,B2
3764,parallel,B2
3765,participation,B2
3766,partnership,B2
3767,part-time,B2
3768,passionate,B2
3769,password,B2
3770,patch,B2
3771,patience,B2
3772,pause,B2
3773,peer,B2
3774,penalty,B2
3775,perceive,B2
3776,perception,B2
3777,permanently,B2
3778,pharmacy,B2
3779,physician,B2
3780,pill,B2
3781,pity,B2
3782,placement,B2
3783,portion,B2
3784,potentially,B2
3785,precede,B2
3786,precious,B2
3787,precise,B2
3788,precisely,B2
3789,predictable,B2
3790,preference,B2
3791,presidential,B2
3792,pride,B2
3793,primarily,B2
3794,prior,B2
3795,probability,B2
3796,probable,B2
3797,proceed,B2
3798,programming,B2
3799,progressive,B2
3800,prohibit,B2
3801,promising,B2
3802,promotion,B2
3803,prompt,B2
3804,proportion,B2
3805,protein,B2
3806,protester,B2
3807,psychological,B2
3808,publicity,B2
3809,publishing,B2
3810,punk,B2
3811,purely,B2
3812,pursuit,B2
3813,puzzle,B2
3814,questionnaire,B2
3815,racial,B2
3816,racism,B2
3817,racist,B2
3818,radiation,B2
3819,rail,B2
3820,random,B2
3821,rat,B2
3822,rating,B2
3823,reasonably,B2
3824,rebuild,B2
3825,receiver,B2
3826,recession,B2
3827,reckon,B2
3828,recognition,B2
3829,recovery,B2
3830,recruit,B2
3831,referee,B2
3832,refugee,B2
3833,registration,B2
3834,regulate,B2
3835,reinforce,B2
3836,relieve,B2
3837,relieved,B2
3838,remarkable,B2
3839,remarkably,B2
3840,rental,B2
3841,reporting,B2
3842,resign,B2
3843,resolution,B2
3844,restore,B2
3845,restrict,B2
3846,restriction,B2
3847,rÃ©sumÃ©,B2
3848,retail,B2
3849,retirement,B2
3850,revenue,B2
3851,revision,B2
3852,ridiculous,B2
3853,risky,B2
3854,rival,B2
3855,rob,B2
3856,robbery,B2
3857,rocket,B2
3858,romance,B2
3859,rose,B2
3860,roughly,B2
3861,ruin,B2
3862,satisfaction,B2
3863,scandal,B2
3864,scare,B2
3865,scenario,B2
3866,scholar,B2
3867,scholarship,B2
3868,scratch,B2
3869,screening,B2
3870,seeker,B2
3871,seminar,B2
3872,settler,B2
3873,severely,B2
3874,sexy,B2
3875,shaped,B2
3876,shocking,B2
3877,shore,B2
3878,shortage,B2
3879,shortly,B2
3880,short-term,B2
3881,sibling,B2
3882,sidewalk,B2
3883,signature,B2
3884,significance,B2
3885,skilled,B2
3886,skull,B2
3887,slogan,B2
3888,so-called,B2
3889,somehow,B2
3890,sometime,B2
3891,sophisticated,B2
3892,spare,B2
3893,specialize,B2
3894,specify,B2
3895,spectacular,B2
3896,spectator,B2
3897,speculate,B2
3898,speculation,B2
3899,spice,B2
3900,spill,B2
3901,spite,B2
3902,spoil,B2
3903,spokesman,B2
3904,spokesperson,B2
3905,spokeswoman,B2
3906,sponsorship,B2
3907,stall,B2
3908,stance,B2
3909,starve,B2
3910,steadily,B2
3911,steam,B2
3912,stimulate,B2
3913,strengthen,B2
3914,strictly,B2
3915,stroke,B2
3916,stunning,B2
3917,subsequent,B2
3918,subsequently,B2
3919,suburb,B2
3920,suffering,B2
3921,sufficient,B2
3922,sufficiently,B2
3923,super,B2
3924,surgeon,B2
3925,survival,B2
3926,survivor,B2
3927,suspend,B2
3928,sustainable,B2
3929,swallow,B2
3930,sympathetic,B2
3931,tackle,B2
3932,tag,B2
3933,tap,B2
3934,technological,B2
3935,teen,B2
3936,temple,B2
3937,temporarily,B2
3938,tendency,B2
3939,tension,B2
3940,terminal,B2
3941,terms,B2
3942,terribly,B2
3943,terrify,B2
3944,territory,B2
3945,terror,B2
3946,terrorism,B2
3947,terrorist,B2
3948,testing,B2
3949,textbook,B2
3950,theft,B2
3951,therapist,B2
3952,thesis,B2
3953,thorough,B2
3954,thoroughly,B2
3955,thumb,B2
3956,timing,B2
3957,tissue,B2
3958,tournament,B2
3959,trace,B2
3960,trading,B2
3961,tragedy,B2
3962,tragic,B2
3963,trait,B2
3964,transmit,B2
3965,trap,B2
3966,treasure,B2
3967,tribe,B2
3968,trigger,B2
3969,trillion,B2
3970,troop,B2
3971,tsunami,B2
3972,ultimate,B2
3973,unacceptable,B2
3974,uncertainty,B2
3975,undergo,B2
3976,undertake,B2
3977,unfold,B2
3978,unfortunate,B2
3979,unite,B2
3980,unity,B2
3981,universal,B2
3982,urgent,B2
3983,usage,B2
3984,useless,B2
3985,valid,B2
3986,variation,B2
3987,vertical,B2
3988,viewpoint,B2
3989,visa,B2
3990,visible,B2
3991,voluntary,B2
3992,voting,B2
3993,wander,B2
3994,warming,B2
3995,weekly,B2
3996,weird,B2
3997,welfare,B2
3998,wheat,B2
3999,whoever,B2
4000,widespread,B2
4001,wisdom,B2
4002,withdraw,B2
4003,wolf,B2
4004,workforce,B2
4005,workplace,B2
4006,workshop,B2
4007,worm,B2
4008,wrist,B2
4009,abolish,C1
4010,abortion,C1
4011,absence,C1
4012,absent,C1
4013,absurd,C1
4014,abuse,C1
4015,academy,C1
4016,accelerate,C1
4017,acceptance,C1
4018,accessible,C1
4019,accomplishment,C1
4020,accordingly,C1
4021,accountability,C1
4022,accountable,C1
4023,accumulate,C1
4024,accumulation,C1
4025,accusation,C1
4026,accused,C1
4028,acquisition,C1
4029,activation,C1
4030,activist,C1
4031,acute,C1
4032,adaptation,C1
4033,adhere,C1
4034,adjacent,C1
4035,adjustment,C1
4036,administer,C1
4037,administrative,C1
4038,administrator,C1
4039,admission,C1
4040,adolescent,C1
4041,adoption,C1
4042,adverse,C1
4043,advocate,C1
4044,aesthetic,C1
4045,affection,C1
4046,aftermath,C1
4047,aggression,C1
4048,agricultural,C1
4049,aide,C1
4050,alert,C1
4052,align,C1
4053,alignment,C1
4054,alike,C1
4055,allegation,C1
4056,allege,C1
4057,allegedly,C1
4058,alliance,C1
4059,allocate,C1
4060,allocation,C1
4061,allowance,C1
4062,ally,C1
4063,aluminum,C1
4064,amateur,C1
4065,ambassador,C1
4066,amend,C1
4067,amendment,C1
4068,amid,C1
4069,analogy,C1
4070,anchor,C1
4071,angel,C1
4072,anonymous,C1
4073,apparatus,C1
4074,apparel,C1
4075,appealing,C1
4076,appetite,C1
4077,applaud,C1
4078,applicable,C1
4079,appoint,C1
4080,appreciation,C1
4081,arbitrary,C1
4082,architectural,C1
4083,archive,C1
4084,arena,C1
4086,array,C1
4087,articulate,C1
4088,ash,C1
4089,aspiration,C1
4090,aspire,C1
4091,assassination,C1
4092,assault,C1
4093,assemble,C1
4094,assembly,C1
4095,assert,C1
4096,assertion,C1
4097,assurance,C1
4098,asylum,C1
4099,atrocity,C1
4100,attain,C1
4101,attendance,C1
4102,attribute,C1
4103,auction,C1
4104,audit,C1
4105,authentic,C1
4106,authorize,C1
4107,auto,C1
4108,autonomy,C1
4109,autumn,C1
4110,availability,C1
4111,await,C1
4112,backdrop,C1
4113,backing,C1
4114,backup,C1
4115,bail,C1
4116,ballot,C1
4117,bankruptcy,C1
4118,banner,C1
4119,bare,C1
4120,barrel,C1
4121,bass1,C1
4123,battlefield,C1
4124,bay,C1
4125,beam,C1
4126,beast,C1
4127,behalf,C1
4128,behavioral,C1
4129,beloved,C1
4130,bench,C1
4131,benchmark,C1
4132,beneath,C1
4133,beneficiary,C1
4134,betray,C1
4135,beverage,C1
4136,bind,C1
4137,biography,C1
4138,bishop,C1
4139,bizarre,C1
4140,blade,C1
4141,blast,C1
4142,bleed,C1
4143,blend,C1
4144,bless,C1
4145,blessing,C1
4146,boast,C1
4147,bonus,C1
4148,booking,C1
4149,boom,C1
4150,bounce,C1
4151,boundary,C1
4152,bow1,C1
4153,breach,C1
4154,breakdown,C1
4155,breakthrough,C1
4156,breed,C1
4157,broadband,C1
4158,browser,C1
4159,brutal,C1
4160,buddy,C1
4161,buffer,C1
4162,bulk,C1
4163,burden,C1
4164,bureaucracy,C1
4165,burial,C1
4166,burst,C1
4167,cabinet,C1
4168,calculation,C1
4169,canvas,C1
4170,capability,C1
4171,capitalism,C1
4172,capitalist,C1
4173,cargo,C1
4174,carriage,C1
4175,carve,C1
4176,casino,C1
4177,casualty,C1
4178,catalog,C1
4179,cater,C1
4180,cattle,C1
4181,caution,C1
4182,cautious,C1
4183,cease,C1
4184,cemetery,C1
4185,chamber,C1
4186,chaos,C1
4187,characterize,C1
4188,charm,C1
4189,charter,C1
4190,choir,C1
4191,chronic,C1
4192,chunk,C1
4193,circulate,C1
4194,circulation,C1
4195,citizenship,C1
4196,civic,C1
4197,civilian,C1
4198,clarity,C1
4199,clash,C1
4200,classification,C1
4201,cling,C1
4202,clinical,C1
4203,closure,C1
4204,cluster,C1
4205,coalition,C1
4206,coastal,C1
4207,cocktail,C1
4208,cognitive,C1
4209,coincide,C1
4210,collaborate,C1
4211,collaboration,C1
4212,collective,C1
4213,collision,C1
4214,colonial,C1
4215,columnist,C1
4216,combat,C1
4217,commence,C1
4218,commentary,C1
4219,commentator,C1
4220,commerce,C1
4221,commissioner,C1
4222,commodity,C1
4223,communist,C1
4224,companion,C1
4225,comparable,C1
4226,compassion,C1
4227,compel,C1
4228,compelling,C1
4229,compensate,C1
4230,compensation,C1
4231,competence,C1
4232,competent,C1
4233,compile,C1
4234,complement,C1
4235,complexity,C1
4236,compliance,C1
4237,complication,C1
4238,comply,C1
4239,composition,C1
4240,compromise,C1
4241,compute,C1
4242,conceal,C1
4243,concede,C1
4244,conceive,C1
4245,conception,C1
4246,concession,C1
4247,condemn,C1
4248,confer,C1
4249,confession,C1
4250,configuration,C1
4251,confine,C1
4252,confirmation,C1
4253,confront,C1
4254,confrontation,C1
4255,congratulate,C1
4256,congregation,C1
4257,congressional,C1
4258,conquer,C1
4259,conscience,C1
4260,consciousness,C1
4261,consecutive,C1
4262,consensus,C1
4263,consent,C1
4264,conserve,C1
4265,consistency,C1
4266,consolidate,C1
4267,constitute,C1
4268,constitution,C1
4269,constitutional,C1
4270,constraint,C1
4271,consultation,C1
4272,contemplate,C1
4273,contempt,C1
4274,contend,C1
4275,contender,C1
4276,content2,C1
4277,contention,C1
4278,continually,C1
4279,contractor,C1
4280,contradiction,C1
4281,contrary,C1
4282,contributor,C1
4283,conversion,C1
4284,convict,C1
4285,conviction,C1
4286,cooperate,C1
4287,cooperative,C1
4288,coordinate,C1
4289,coordination,C1
4290,coordinator,C1
4291,copper,C1
4292,copyright,C1
4293,correction,C1
4294,correlate,C1
4295,correlation,C1
4296,correspond,C1
4297,correspondence,C1
4298,correspondent,C1
4299,corresponding,C1
4300,corrupt,C1
4301,corruption,C1
4302,costly,C1
4303,councilor,C1
4304,counseling,C1
4305,counselor,C1
4307,counterpart,C1
4308,countless,C1
4309,coup,C1
4310,courtesy,C1
4312,crawl,C1
4313,creator,C1
4314,credibility,C1
4315,credible,C1
4316,creep,C1
4317,critique,C1
4318,crown,C1
4319,crude,C1
4320,crush,C1
4321,crystal,C1
4322,cult,C1
4323,cultivate,C1
4324,curiosity,C1
4325,custody,C1
4326,cutting,C1
4327,cynical,C1
4328,dam,C1
4329,damaging,C1
4330,dawn,C1
4331,debris,C1
4332,debut,C1
4333,decision-making,C1
4334,decisive,C1
4335,declaration,C1
4336,dedicated,C1
4337,dedication,C1
4338,deed,C1
4339,deem,C1
4340,default,C1
4341,defect,C1
4342,defensive,C1
4343,deficiency,C1
4344,deficit,C1
4345,defy,C1
4346,delegate,C1
4347,delegation,C1
4348,delicate,C1
4349,demon,C1
4350,denial,C1
4351,denounce,C1
4352,dense,C1
4353,density,C1
4354,dependence,C1
4355,depict,C1
4356,deploy,C1
4357,deployment,C1
4358,deprive,C1
4359,deputy,C1
4360,descend,C1
4361,descent,C1
4362,designate,C1
4363,desirable,C1
4364,desktop,C1
4365,destructive,C1
4366,detain,C1
4367,detection,C1
4368,detention,C1
4369,deteriorate,C1
4370,devastate,C1
4371,devil,C1
4372,devise,C1
4373,diagnose,C1
4374,diagnosis,C1
4375,dictate,C1
4376,dictator,C1
4377,differentiate,C1
4378,dignity,C1
4379,dilemma,C1
4380,dimension,C1
4381,diminish,C1
4382,dip,C1
4383,diplomat,C1
4384,diplomatic,C1
4385,directory,C1
4386,disastrous,C1
4387,discard,C1
4388,discharge,C1
4389,disclose,C1
4390,disclosure,C1
4391,discourse,C1
4392,discretion,C1
4393,discrimination,C1
4394,dismissal,C1
4395,displace,C1
4396,disposal,C1
4397,dispose,C1
4398,dispute,C1
4399,disrupt,C1
4400,disruption,C1
4401,dissolve,C1
4402,distinction,C1
4403,distinctive,C1
4404,distort,C1
4405,distress,C1
4406,disturbing,C1
4407,divert,C1
4408,divine,C1
4409,doctrine,C1
4410,documentation,C1
4411,domain,C1
4412,dominance,C1
4413,donor,C1
4414,dose,C1
4415,drain,C1
4416,drift,C1
4418,drown,C1
4419,dual,C1
4420,dub,C1
4421,dumb,C1
4422,duo,C1
4424,earnings,C1
4425,ease,C1
4426,echo,C1
4427,ecological,C1
4428,educator,C1
4429,effectiveness,C1
4430,efficiency,C1
4431,ego,C1
4432,elaborate,C1
4433,electoral,C1
4434,elevate,C1
4435,eligible,C1
4436,elite,C1
4437,embark,C1
4438,embarrassment,C1
4439,embassy,C1
4440,embed,C1
4441,embody,C1
4442,emergence,C1
4443,empirical,C1
4444,empower,C1
4445,enact,C1
4446,encompass,C1
4447,encouragement,C1
4448,encouraging,C1
4449,endeavor,C1
4450,endless,C1
4451,endorse,C1
4452,endorsement,C1
4453,endure,C1
4454,enforce,C1
4455,enforcement,C1
4456,engagement,C1
4457,engaging,C1
4458,enrich,C1
4459,enroll,C1
4460,ensue,C1
4461,enterprise,C1
4462,enthusiast,C1
4463,entitle,C1
4464,entity,C1
4465,epidemic,C1
4466,equality,C1
4467,equation,C1
4468,erect,C1
4469,escalate,C1
4470,essence,C1
4471,establishment,C1
4472,eternal,C1
4473,evacuate,C1
4474,evoke,C1
4475,evolutionary,C1
4476,exaggerate,C1
4477,excellence,C1
4478,exceptional,C1
4479,excess,C1
4480,exclusion,C1
4481,exclusive,C1
4482,exclusively,C1
4483,execute,C1
4484,execution,C1
4485,exert,C1
4486,exile,C1
4487,expenditure,C1
4488,experimental,C1
4489,expire,C1
4490,explicit,C1
4491,explicitly,C1
4492,exploitation,C1
4493,explosive,C1
4495,extremist,C1
4496,facilitate,C1
4497,faction,C1
4498,fade,C1
4499,fairness,C1
4500,fatal,C1
4501,fate,C1
4502,favorable,C1
4503,feat,C1
4504,felony,C1
4505,feminist,C1
4506,fiber,C1
4507,fierce,C1
4508,filmmaker,C1
4509,filter,C1
4511,firearm,C1
4512,fiscal,C1
4514,flaw,C1
4515,flawed,C1
4516,flee,C1
4517,fleet,C1
4518,flesh,C1
4519,flexibility,C1
4520,flourish,C1
4521,fluid,C1
4522,footage,C1
4523,foreigner,C1
4524,forge,C1
4525,formula,C1
4526,formulate,C1
4527,forth,C1
4528,forthcoming,C1
4529,foster,C1
4530,fragile,C1
4531,franchise,C1
4532,frankly,C1
4533,freshman,C1
4534,frustrated,C1
4535,frustrating,C1
4536,frustration,C1
4537,functional,C1
4538,fundraising,C1
4539,funeral,C1
4540,gambling,C1
4541,gathering,C1
4542,gaze,C1
4543,gear,C1
4544,generic,C1
4545,genocide,C1
4546,gig,C1
4547,glance,C1
4548,glimpse,C1
4549,glorious,C1
4550,glory,C1
4551,governance,C1
4552,grace,C1
4553,grasp,C1
4554,grave,C1
4556,gravity,C1
4557,grid,C1
4558,grief,C1
4559,grin,C1
4560,grind,C1
4561,grip,C1
4562,gross,C1
4563,guerrilla,C1
4564,guidance,C1
4565,guilt,C1
4566,gut,C1
4567,hail,C1
4568,halfway,C1
4569,halt,C1
4570,handful,C1
4571,handling,C1
4572,handy,C1
4573,harassment,C1
4574,hardware,C1
4575,harmony,C1
4576,harsh,C1
4577,harvest,C1
4578,hatred,C1
4579,haunt,C1
4580,hazard,C1
4581,heighten,C1
4582,heritage,C1
4583,hierarchy,C1
4584,high-profile,C1
4585,hint,C1
4586,homeland,C1
4588,hopeful,C1
4589,horizon,C1
4590,horn,C1
4591,hostage,C1
4592,hostile,C1
4593,hostility,C1
4594,humanitarian,C1
4595,humanity,C1
4596,humble,C1
4597,hydrogen,C1
4598,identification,C1
4599,ideological,C1
4600,ideology,C1
4601,idiot,C1
4602,ignorance,C1
4603,imagery,C1
4604,immense,C1
4605,imminent,C1
4606,implementation,C1
4607,imprison,C1
4608,inability,C1
4609,inadequate,C1
4610,inappropriate,C1
4611,incarcerate,C1
4612,incarceration,C1
4613,incidence,C1
4614,inclined,C1
4615,inclusion,C1
4616,incur,C1
4617,indicator,C1
4618,indictment,C1
4619,indigenous,C1
4620,induce,C1
4621,indulge,C1
4622,inequality,C1
4623,infamous,C1
4624,infant,C1
4625,infect,C1
4626,inflict,C1
4627,influential,C1
4628,inherent,C1
4629,inhibit,C1
4630,initiate,C1
4631,inject,C1
4632,injection,C1
4633,injustice,C1
4634,inmate,C1
4635,inquire,C1
4636,insertion,C1
4637,insider,C1
4638,inspect,C1
4639,inspection,C1
4640,inspiration,C1
4641,instinct,C1
4642,institutional,C1
4643,instruct,C1
4644,instrumental,C1
4645,insufficient,C1
4646,insult,C1
4647,intact,C1
4648,intake,C1
4649,integral,C1
4650,integrated,C1
4651,integration,C1
4652,integrity,C1
4654,intensify,C1
4655,intensity,C1
4656,intensive,C1
4657,intent,C1
4658,interactive,C1
4659,interface,C1
4660,interfere,C1
4661,interference,C1
4662,interim,C1
4663,interior,C1
4664,intermediate,C1
4665,intersection,C1
4666,intervene,C1
4667,intervention,C1
4668,intimate,C1
4669,intriguing,C1
4670,inventory,C1
4671,investigator,C1
4672,invisible,C1
4673,invoke,C1
4674,involvement,C1
4675,ironic,C1
4676,ironically,C1
4677,irony,C1
4678,irrelevant,C1
4679,isolation,C1
4680,judicial,C1
4681,jurisdiction,C1
4683,justification,C1
4684,keen,C1
4685,kidnap,C1
4686,kidney,C1
4687,kingdom,C1
4688,landlord,C1
4689,landmark,C1
4690,lap,C1
4691,large-scale,C1
4692,laser,C1
4693,latter,C1
4694,lawmaker,C1
4695,lawn,C1
4696,lawsuit,C1
4697,layout,C1
4698,leak,C1
4699,leap,C1
4700,legacy,C1
4701,legendary,C1
4702,legislation,C1
4703,legislative,C1
4704,legislature,C1
4705,legitimate,C1
4706,lengthy,C1
4707,lesbian,C1
4708,lesser,C1
4709,lethal,C1
4710,liable,C1
4711,liberal,C1
4712,liberation,C1
4713,liberty,C1
4714,lifelong,C1
4715,likelihood,C1
4716,limb,C1
4717,linear,C1
4718,lineup,C1
4719,linger,C1
4720,listing,C1
4721,liter,C1
4722,literacy,C1
4723,liver,C1
4724,lobby,C1
4725,log,C1
4726,logic,C1
4727,long-standing,C1
4728,longtime,C1
4729,loom,C1
4730,loop,C1
4731,loyalty,C1
4732,machinery,C1
4733,magical,C1
4734,magnetic,C1
4735,magnificent,C1
4736,magnitude,C1
4737,mainland,C1
4738,mainstream,C1
4739,maintenance,C1
4740,mandate,C1
4741,mandatory,C1
4742,manifest,C1
4743,manipulate,C1
4744,manipulation,C1
4745,manuscript,C1
4747,marginal,C1
4748,marine,C1
4749,marketplace,C1
4750,mask,C1
4751,massacre,C1
4752,mathematical,C1
4753,mature,C1
4754,maximize,C1
4755,meaningful,C1
4756,meantime,C1
4757,medieval,C1
4758,meditation,C1
4759,melody,C1
4760,memo,C1
4761,memoir,C1
4762,memorial,C1
4763,mentor,C1
4764,merchant,C1
4765,mercy,C1
4766,mere,C1
4767,merely,C1
4768,merge,C1
4769,merger,C1
4770,merit,C1
4771,methodology,C1
4772,midst,C1
4773,migration,C1
4774,militant,C1
4775,militia,C1
4776,mill,C1
4777,minimal,C1
4778,minimize,C1
4779,mining,C1
4780,ministry,C1
4781,minute2,C1
4782,miracle,C1
4783,misery,C1
4784,misleading,C1
4785,missile,C1
4786,mob,C1
4787,mobile,C1
4788,mobility,C1
4789,mobilize,C1
4790,moderate,C1
4791,modification,C1
4792,module,C1
4793,momentum,C1
4794,monk,C1
4795,monopoly,C1
4796,morality,C1
4797,motive,C1
4798,municipal,C1
4799,mutual,C1
4800,namely,C1
4801,nationwide,C1
4802,naval,C1
4803,neglect,C1
4804,neighboring,C1
4805,nest,C1
4807,newsletter,C1
4808,niche,C1
4809,noble,C1
4810,nod,C1
4811,nominate,C1
4812,nomination,C1
4813,nominee,C1
4814,nonetheless,C1
4815,nonprofit,C1
4816,nonsense,C1
4817,noon,C1
4818,notable,C1
4819,notably,C1
4820,notify,C1
4821,notorious,C1
4823,nursery,C1
4824,objection,C1
4825,oblige,C1
4826,obsess,C1
4827,obsession,C1
4828,occasional,C1
4829,occurrence,C1
4830,odds,C1
4831,offering,C1
4832,offspring,C1
4833,operational,C1
4834,opt,C1
4835,optical,C1
4836,optimism,C1
4837,oral,C1
4838,organizational,C1
4839,orientation,C1
4840,originate,C1
4841,outbreak,C1
4842,outing,C1
4843,outlet,C1
4844,outlook,C1
4845,outrage,C1
4846,outsider,C1
4847,overlook,C1
4848,overly,C1
4849,oversee,C1
4850,overturn,C1
4851,overwhelm,C1
4852,overwhelming,C1
4853,pad,C1
4854,parameter,C1
4855,parental,C1
4856,parliament,C1
4857,partial,C1
4858,partially,C1
4859,passing,C1
4860,passive,C1
4861,pastor,C1
4862,patent,C1
4863,pathway,C1
4864,patrol,C1
4865,patron,C1
4866,peak,C1
4867,peasant,C1
4868,peculiar,C1
4869,pension1,C1
4870,persist,C1
4871,persistent,C1
4872,personnel,C1
4873,petition,C1
4874,philosopher,C1
4875,philosophical,C1
4876,pioneer,C1
4877,pipeline,C1
4878,pirate,C1
4879,pit,C1
4880,plea,C1
4881,plead,C1
4882,pledge,C1
4883,plug,C1
4884,plunge,C1
4885,pole,C1
4886,poll,C1
4887,pond,C1
4889,portfolio,C1
4890,portray,C1
4891,postpone,C1
4892,postwar,C1
4893,practitioner,C1
4894,preach,C1
4895,precedent,C1
4896,precision,C1
4897,predator,C1
4898,predecessor,C1
4899,predominantly,C1
4900,pregnancy,C1
4901,prejudice,C1
4902,preliminary,C1
4903,premier,C1
4904,premise,C1
4905,premium,C1
4906,prescribe,C1
4907,prescription,C1
4908,presently,C1
4909,preservation,C1
4910,preside,C1
4911,presidency,C1
4912,prestigious,C1
4913,presumably,C1
4914,presume,C1
4915,prevail,C1
4916,prevalence,C1
4917,prevention,C1
4918,prey,C1
4919,privatization,C1
4920,privilege,C1
4921,probe,C1
4922,problematic,C1
4923,proceeding,C1
4924,proceeds,C1
4925,processing,C1
4926,processor,C1
4927,proclaim,C1
4928,productive,C1
4929,productivity,C1
4930,profitable,C1
4931,profound,C1
4932,projection,C1
4933,prominent,C1
4934,pronounced,C1
4935,propaganda,C1
4936,proposition,C1
4937,prosecute,C1
4938,prosecution,C1
4939,prosecutor,C1
4940,prospective,C1
4941,prosperity,C1
4942,protective,C1
4943,protocol,C1
4944,province,C1
4945,provincial,C1
4946,provision,C1
4947,provoke,C1
4948,psychiatric,C1
4949,pulse,C1
4950,pump,C1
4951,punch,C1
4952,query,C1
4953,quest,C1
4954,quota,C1
4955,radar,C1
4956,radical,C1
4957,rage,C1
4958,raid,C1
4959,rally,C1
4960,ranking,C1
4961,rape,C1
4962,ratio,C1
4963,rational,C1
4964,ray,C1
4965,readily,C1
4966,realization,C1
4967,realm,C1
4968,rear,C1
4969,reasoning,C1
4970,reassure,C1
4971,rebel,C1
4972,rebellion,C1
4973,recipient,C1
4974,reconstruction,C1
4975,recount1,C1
4976,recruitment,C1
4977,referendum,C1
4978,reflection,C1
4979,reform,C1
4980,refuge,C1
4981,refusal,C1
4982,regain,C1
4983,regardless,C1
4984,regime,C1
4985,regulator,C1
4986,regulatory,C1
4987,rehabilitation,C1
4988,reign,C1
4989,rejection,C1
4990,relevance,C1
4991,reliability,C1
4992,reluctant,C1
4993,remainder,C1
4994,remains,C1
4995,remedy,C1
4996,reminder,C1
4997,removal,C1
4998,render,C1
4999,renew,C1
5000,renowned,C1
5001,replacement,C1
5002,reportedly,C1
5003,representation,C1
5004,reproduce,C1
5005,reproduction,C1
5006,republic,C1
5007,resemble,C1
5008,reside,C1
5009,residence,C1
5010,residential,C1
5011,residue,C1
5012,resignation,C1
5013,resistance,C1
5014,respective,C1
5015,respectively,C1
5016,restoration,C1
5017,restraint,C1
5018,resume,C1
5019,retreat,C1
5020,retrieve,C1
5021,revelation,C1
5022,revenge,C1
5023,reverse,C1
5024,revival,C1
5025,revive,C1
5026,revolutionary,C1
5027,rhetoric,C1
5028,rifle,C1
5029,riot,C1
5030,rip,C1
5031,ritual,C1
5032,robust,C1
5034,rod,C1
5035,rookie,C1
5036,roster,C1
5037,rotate,C1
5038,rotation,C1
5039,ruling,C1
5040,rumor,C1
5041,sacred,C1
5042,sacrifice,C1
5043,saint,C1
5044,sake,C1
5045,sanction,C1
5047,scattered,C1
5048,scope,C1
5049,screw,C1
5050,scrutiny,C1
5051,seal,C1
5052,secondly,C1
5053,secular,C1
5054,seemingly,C1
5055,segment,C1
5056,seize,C1
5057,seldom,C1
5058,selective,C1
5059,sensation,C1
5060,sensitivity,C1
5061,sentiment,C1
5062,separation,C1
5063,serial,C1
5064,settlement,C1
5065,setup,C1
5066,sexuality,C1
5067,shareholder,C1
5068,shatter,C1
5069,shed,C1
5070,sheer,C1
5071,shipping,C1
5073,shrink,C1
5074,shrug,C1
5075,sigh,C1
5076,simulate,C1
5077,simulation,C1
5078,simultaneously,C1
5079,sin,C1
5080,situated,C1
5081,skeptical,C1
5082,sketch,C1
5083,skip,C1
5084,slam,C1
5085,slap,C1
5086,slash,C1
5087,slavery,C1
5088,slot,C1
5089,smash,C1
5090,snap,C1
5091,soak,C1
5092,soar,C1
5093,socialist,C1
5094,sole,C1
5095,solely,C1
5096,solidarity,C1
5097,solo,C1
5098,sophomore,C1
5100,sovereignty,C1
5101,spam,C1
5102,span,C1
5104,spark,C1
5105,specialized,C1
5106,specification,C1
5107,specimen,C1
5108,spectacle,C1
5109,spectrum,C1
5111,sphere,C1
5112,spin,C1
5113,spine,C1
5114,spotlight,C1
5115,spouse,C1
5116,spy,C1
5117,squad,C1
5118,squeeze,C1
5119,stab,C1
5120,stability,C1
5121,stabilize,C1
5122,stake,C1
5123,standing,C1
5124,stark,C1
5125,statistical,C1
5126,steer,C1
5127,stem,C1
5128,stereotype,C1
5129,stimulus,C1
5130,stir,C1
5131,storage,C1
5132,straightforward,C1
5133,strain,C1
5134,strand,C1
5135,strategic,C1
5136,striking,C1
5137,strip,C1
5139,strive,C1
5140,structural,C1
5141,stumble,C1
5142,stun,C1
5143,submission,C1
5144,subscriber,C1
5145,subscription,C1
5146,subsidy,C1
5147,substantial,C1
5148,substantially,C1
5149,substitute,C1
5150,substitution,C1
5151,subtle,C1
5152,suburban,C1
5153,succession,C1
5154,successive,C1
5155,successor,C1
5156,suck,C1
5157,sue,C1
5158,suicide,C1
5159,suite,C1
5160,summit,C1
5161,superb,C1
5162,superintendent,C1
5163,superior,C1
5164,supervise,C1
5165,supervision,C1
5166,supervisor,C1
5167,supplement,C1
5168,supportive,C1
5169,supposedly,C1
5170,suppress,C1
5171,supreme,C1
5172,surge,C1
5173,surgical,C1
5174,surplus,C1
5175,surrender,C1
5176,surveillance,C1
5177,suspension,C1
5178,suspicion,C1
5179,suspicious,C1
5180,sustain,C1
5181,swing,C1
5182,sword,C1
5183,symbolic,C1
5184,syndrome,C1
5185,synthesis,C1
5186,systematic,C1
5188,tactic,C1
5189,tactical,C1
5190,taxpayer,C1
5191,tempt,C1
5192,tenant,C1
5193,tender,C1
5194,tenure,C1
5196,terminate,C1
5197,terrain,C1
5198,terrific,C1
5199,testify,C1
5200,testimony,C1
5201,texture,C1
5202,thankfully,C1
5203,theatrical,C1
5204,theology,C1
5205,theoretical,C1
5206,thereafter,C1
5207,thereby,C1
5208,thoughtful,C1
5209,thought-provoking,C1
5210,thread,C1
5211,threshold,C1
5212,thrilled,C1
5213,thrive,C1
5214,tide,C1
5215,tighten,C1
5216,timber,C1
5217,timely,C1
5218,tobacco,C1
5219,tolerance,C1
5220,tolerate,C1
5221,toll,C1
5223,torture,C1
5224,toss,C1
5226,toxic,C1
5228,trademark,C1
5229,trail,C1
5230,trailer,C1
5231,transaction,C1
5232,transcript,C1
5233,transformation,C1
5234,transit,C1
5235,transmission,C1
5236,transparency,C1
5237,transparent,C1
5238,trauma,C1
5239,treaty,C1
5240,tremendous,C1
5241,tribal,C1
5242,tribute,C1
5244,trio,C1
5245,triumph,C1
5246,trophy,C1
5247,troubled,C1
5248,trustee,C1
5249,tuition,C1
5250,tumor,C1
5251,turnout,C1
5252,turnover,C1
5253,twist,C1
5254,unconstitutional,C1
5255,undergraduate,C1
5256,underlying,C1
5257,undermine,C1
5258,undoubtedly,C1
5259,unify,C1
5260,unprecedented,C1
5261,unveil,C1
5262,upcoming,C1
5263,upgrade,C1
5264,uphold,C1
5265,utility,C1
5266,utilize,C1
5267,utterly,C1
5268,vacuum,C1
5269,vague,C1
5270,validity,C1
5271,vanish,C1
5272,variable,C1
5273,varied,C1
5274,vein,C1
5275,venture,C1
5276,verbal,C1
5277,verdict,C1
5278,verify,C1
5279,verse,C1
5280,versus,C1
5281,vessel,C1
5282,veteran,C1
5283,viable,C1
5284,vibrant,C1
5285,vice,C1
5286,vicious,C1
5287,violate,C1
5288,violation,C1
5289,virtue,C1
5290,vocal,C1
5291,vow,C1
5292,vulnerability,C1
5293,vulnerable,C1
5294,ward,C1
5295,warehouse,C1
5296,warfare,C1
5297,warrant,C1
5298,warrior,C1
5299,weaken,C1
5300,weave,C1
5301,weed,C1
5303,well-being,C1
5304,whatsoever,C1
5305,whereby,C1
5306,whip,C1
5307,wholly,C1
5308,widen,C1
5309,widow,C1
5310,width,C1
5311,willingness,C1
5312,wipe,C1
5313,wit,C1
5314,withdrawal,C1
5315,workout,C1
5316,worship,C1
5317,worthwhile,C1
5318,worthy,C1
5319,yell,C1
5320,yield,C1
